tractFIPS_left,SUM of Qty,tree planting sentence,many tree %ile,few tree %ile,priority category,pcanopy,canopy sentence,high canopy %ile,low canopy %ile,requests,requests sentence,high req %ile,low req %ile,prio_rank
17031010100,39,less than 69.106699751861% of other census tracts,30.89330025,69.10669975,medium                                                                          ,21.75977023,more than 58.2089552238806% of other census tracts,58.20895522,41.79104478,39,less than 67.6616915422886% of other census tracts,32.33830846,67.66169154,179
17031010201,40,less than 68.1141439205955% of other census tracts,31.88585608,68.11414392,medium                                                                          ,32.62065706,more than 94.7761194029851% of other census tracts,94.7761194,5.223880597,76,more than 54.6019900497512% of other census tracts,54.60199005,45.39800995,205
17031010202,47,less than 63.3995037220844% of other census tracts,36.60049628,63.39950372,medium                                                                          ,23.35982367,more than 66.4179104477612% of other census tracts,66.41791045,33.58208955,59,less than 54.6019900497512% of other census tracts,45.39800995,54.60199005,239
17031010300,96,more than 68.7344913151365% of other census tracts,68.73449132,31.26550868,low                                                                             ,30.6835669,more than 92.4129353233831% of other census tracts,92.41293532,7.587064677,134,more than 76.7412935323383% of other census tracts,76.74129353,23.25870647,30
17031010400,43,less than 65.6327543424318% of other census tracts,34.36724566,65.63275434,low                                                                             ,23.01244923,more than 64.9253731343284% of other census tracts,64.92537313,35.07462687,39,less than 67.6616915422886% of other census tracts,32.33830846,67.66169154,110
17031010501,38,less than 70.3473945409429% of other census tracts,29.65260546,70.34739454,low                                                                             ,23.51818989,more than 67.4129353233831% of other census tracts,67.41293532,32.58706468,32,less than 73.7562189054726% of other census tracts,26.24378109,73.75621891,38
17031010502,28,less than 79.6526054590571% of other census tracts,20.34739454,79.65260546,low                                                                             ,25.47185281,more than 76.9900497512438% of other census tracts,76.99004975,23.00995025,32,less than 73.7562189054726% of other census tracts,26.24378109,73.75621891,83
17031010503,23,less than 84.3672456575682% of other census tracts,15.63275434,84.36724566,medium                                                                          ,23.68504188,more than 68.0348258706468% of other census tracts,68.03482587,31.96517413,30,less than 75.2487562189055% of other census tracts,24.75124378,75.24875622,167
17031010600,88,more than 64.7642679900745% of other census tracts,64.76426799,35.23573201,low                                                                             ,33.98900866,more than 95.8955223880597% of other census tracts,95.89552239,4.104477612,116,more than 72.7611940298507% of other census tracts,72.76119403,27.23880597,26
17031010701,27,less than 80.6451612903226% of other census tracts,19.35483871,80.64516129,low                                                                             ,43.2342425,more than 99.1293532338308% of other census tracts,99.12935323,0.8706467662,44,less than 64.5522388059702% of other census tracts,35.44776119,64.55223881,29
17031010702,49,less than 61.9106699751861% of other census tracts,38.08933002,61.91066998,medium                                                                          ,20.13334109,more than 50.2487562189055% of other census tracts,50.24875622,49.75124378,49,less than 60.5721393034826% of other census tracts,39.4278607,60.5721393,219
17031020100,48,less than 62.7791563275434% of other census tracts,37.22084367,62.77915633,medium                                                                          ,26.17478582,more than 80.4726368159204% of other census tracts,80.47263682,19.52736318,65,less than 50.1243781094527% of other census tracts,49.87562189,50.12437811,212
17031020200,194,more than 92.5558312655087% of other census tracts,92.55583127,7.444168734,medium                                                                          ,29.79220592,more than 90.547263681592% of other census tracts,90.54726368,9.452736318,218,more than 88.3084577114428% of other census tracts,88.30845771,11.69154229,169
17031020301,90,more than 66.2531017369727% of other census tracts,66.25310174,33.74689826,medium                                                                          ,22.44522081,more than 62.0646766169154% of other census tracts,62.06467662,37.93532338,94,more than 65.7960199004975% of other census tracts,65.7960199,34.2039801,264
17031020302,100,more than 70.8436724565757% of other census tracts,70.84367246,29.15632754,medium                                                                          ,30.56718838,more than 92.1641791044776% of other census tracts,92.1641791,7.835820896,148,more than 79.6019900497512% of other census tracts,79.60199005,20.39800995,145
17031020400,54,less than 56.8238213399504% of other census tracts,43.17617866,56.82382134,low                                                                             ,35.49216483,more than 97.1393034825871% of other census tracts,97.13930348,2.860696517,79,more than 56.2189054726368% of other census tracts,56.21890547,43.78109453,103
17031020500,81,more than 61.166253101737% of other census tracts,61.1662531,38.8337469,medium                                                                          ,27.82768732,more than 86.81592039801% of other census tracts,86.8159204,13.1840796,25,less than 79.4776119402985% of other census tracts,20.52238806,79.47761194,228
17031020601,56,less than 56.2034739454094% of other census tracts,43.79652605,56.20347395,high                                                                            ,24.48708575,more than 72.8855721393035% of other census tracts,72.88557214,27.11442786,59,less than 54.6019900497512% of other census tracts,45.39800995,54.60199005,294
17031020602,88,more than 64.7642679900745% of other census tracts,64.76426799,35.23573201,medium                                                                          ,25.61453107,more than 77.6119402985075% of other census tracts,77.6119403,22.3880597,92,more than 64.3034825870647% of other census tracts,64.30348259,35.69651741,190
17031020701,88,more than 64.7642679900745% of other census tracts,64.76426799,35.23573201,medium                                                                          ,27.96482163,more than 87.4378109452736% of other census tracts,87.43781095,12.56218905,105,more than 69.4029850746269% of other census tracts,69.40298507,30.59701493,135
17031020702,47,less than 63.3995037220844% of other census tracts,36.60049628,63.39950372,high                                                                            ,22.59095472,more than 63.1840796019901% of other census tracts,63.1840796,36.8159204,45,less than 63.5572139303483% of other census tracts,36.44278607,63.55721393,276
17031020801,109,more than 75.1861042183623% of other census tracts,75.18610422,24.81389578,medium                                                                          ,22.65374103,more than 63.5572139303483% of other census tracts,63.55721393,36.44278607,111,more than 71.0199004975124% of other census tracts,71.0199005,28.9800995,234
17031020802,85,more than 62.7791563275434% of other census tracts,62.77915633,37.22084367,high                                                                            ,23.46465072,more than 66.9154228855721% of other census tracts,66.91542289,33.08457711,77,more than 55.3482587064677% of other census tracts,55.34825871,44.65174129,284
17031020901,103,more than 71.712158808933% of other census tracts,71.71215881,28.28784119,high                                                                            ,18.35408458,less than 60.5721393034826% of other census tracts,39.4278607,60.5721393,80,more than 56.9651741293532% of other census tracts,56.96517413,43.03482587,296
17031020902,68,more than 53.1017369727047% of other census tracts,53.10173697,46.89826303,high                                                                            ,23.48291493,more than 67.0398009950249% of other census tracts,67.039801,32.960199,30,less than 75.2487562189055% of other census tracts,24.75124378,75.24875622,302
17031030101,27,less than 80.6451612903226% of other census tracts,19.35483871,80.64516129,medium                                                                          ,16.72189773,less than 71.2686567164179% of other census tracts,28.73134328,71.26865672,45,less than 63.5572139303483% of other census tracts,36.44278607,63.55721393,158
17031030102,27,less than 80.6451612903226% of other census tracts,19.35483871,80.64516129,medium                                                                          ,12.0892613,less than 90.547263681592% of other census tracts,9.452736318,90.54726368,26,less than 78.4825870646766% of other census tracts,21.51741294,78.48258706,157
17031030103,7,less than 97.0223325062035% of other census tracts,2.977667494,97.02233251,low                                                                             ,17.47759109,less than 66.7910447761194% of other census tracts,33.20895522,66.79104478,8,less than 94.7761194029851% of other census tracts,5.223880597,94.7761194,56
17031030104,13,less than 92.4317617866005% of other census tracts,7.568238213,92.43176179,medium                                                                          ,9.572285914,less than 97.1393034825871% of other census tracts,2.860696517,97.13930348,10,less than 93.407960199005% of other census tracts,6.592039801,93.4079602,227
17031030200,59,less than 53.7220843672457% of other census tracts,46.27791563,53.72208437,lowest                                                                          ,33.40708067,more than 95.5223880597015% of other census tracts,95.52238806,4.47761194,114,more than 72.1393034825871% of other census tracts,72.13930348,27.86069652,3
17031030300,88,more than 64.7642679900745% of other census tracts,64.76426799,35.23573201,medium                                                                          ,32.09377704,more than 94.2786069651741% of other census tracts,94.27860697,5.721393035,72,more than 53.3582089552239% of other census tracts,53.35820896,46.64179104,119
17031030400,74,more than 57.1960297766749% of other census tracts,57.19602978,42.80397022,medium                                                                          ,24.5190054,more than 73.134328358209% of other census tracts,73.13432836,26.86567164,146,more than 79.228855721393% of other census tracts,79.22885572,20.77114428,138
17031030500,109,more than 75.1861042183623% of other census tracts,75.18610422,24.81389578,low                                                                             ,30.00995034,more than 91.044776119403% of other census tracts,91.04477612,8.955223881,251,more than 90.7960199004975% of other census tracts,90.7960199,9.2039801,18
17031030601,25,less than 83.0024813895782% of other census tracts,16.99751861,83.00248139,medium                                                                          ,14.80885544,less than 80.2238805970149% of other census tracts,19.7761194,80.2238806,49,less than 60.5721393034826% of other census tracts,39.4278607,60.5721393,192
17031030603,9,less than 95.409429280397% of other census tracts,4.59057072,95.40942928,medium                                                                          ,14.49691614,less than 81.592039800995% of other census tracts,18.4079602,81.5920398,22,less than 82.2139303482587% of other census tracts,17.78606965,82.21393035,150
17031030604,16,less than 89.9503722084367% of other census tracts,10.04962779,89.95037221,low                                                                             ,20.07481399,less than 50.2487562189055% of other census tracts,49.75124378,50.24875622,18,less than 85.8208955223881% of other census tracts,14.17910448,85.82089552,77
17031030701,2,less than 99.0074441687345% of other census tracts,0.9925558313,99.00744417,medium                                                                          ,17.09146663,less than 68.9054726368159% of other census tracts,31.09452736,68.90547264,13,less than 90.2985074626866% of other census tracts,9.701492537,90.29850746,181
17031030702,3,less than 98.6352357320099% of other census tracts,1.364764268,98.63523573,medium                                                                          ,10.74154244,less than 94.1542288557214% of other census tracts,5.845771144,94.15422886,1,less than 98.5074626865672% of other census tracts,1.492537313,98.50746269,118
17031030703,14,less than 91.5632754342432% of other census tracts,8.436724566,91.56327543,medium                                                                          ,19.19681769,less than 54.726368159204% of other census tracts,45.27363184,54.72636816,37,less than 69.1542288557214% of other census tracts,30.84577114,69.15422886,178
17031030706,11,less than 93.7965260545906% of other census tracts,6.203473945,93.79652605,low                                                                             ,25.35276851,more than 76.4925373134328% of other census tracts,76.49253731,23.50746269,33,less than 73.2587064676617% of other census tracts,26.74129353,73.25870647,48
17031030800,137,more than 83.3746898263027% of other census tracts,83.37468983,16.62531017,lowest                                                                          ,33.8363993,more than 95.771144278607% of other census tracts,95.77114428,4.228855721,461,more than 98.7562189054726% of other census tracts,98.75621891,1.243781095,9
17031030900,105,more than 73.0769230769231% of other census tracts,73.07692308,26.92307692,low                                                                             ,23.97689055,more than 69.5273631840796% of other census tracts,69.52736318,30.47263682,170,more than 83.2089552238806% of other census tracts,83.20895522,16.79104478,87
17031031000,94,more than 67.6178660049628% of other census tracts,67.617866,32.382134,medium                                                                          ,23.99505173,more than 69.6517412935323% of other census tracts,69.65174129,30.34825871,204,more than 86.81592039801% of other census tracts,86.8159204,13.1840796,129
17031031100,108,more than 74.5657568238214% of other census tracts,74.56575682,25.43424318,low                                                                             ,24.47626446,more than 72.5124378109453% of other census tracts,72.51243781,27.48756219,235,more than 89.5522388059702% of other census tracts,89.55223881,10.44776119,81
17031031200,20,less than 87.3449131513648% of other census tracts,12.65508685,87.34491315,medium                                                                          ,12.57407358,less than 88.8059701492537% of other census tracts,11.19402985,88.80597015,59,less than 54.6019900497512% of other census tracts,45.39800995,54.60199005,253
17031031300,28,less than 79.6526054590571% of other census tracts,20.34739454,79.65260546,low                                                                             ,26.87715416,more than 83.8308457711443% of other census tracts,83.83084577,16.16915423,53,less than 57.8358208955224% of other census tracts,42.1641791,57.8358209,106
17031031400,43,less than 65.6327543424318% of other census tracts,34.36724566,65.63275434,low                                                                             ,21.90478977,more than 59.0796019900498% of other census tracts,59.07960199,40.92039801,18,less than 85.8208955223881% of other census tracts,14.17910448,85.82089552,50
17031031501,13,less than 92.4317617866005% of other census tracts,7.568238213,92.43176179,medium                                                                          ,18.59144114,less than 58.8308457711443% of other census tracts,41.16915423,58.83084577,10,less than 93.407960199005% of other census tracts,6.592039801,93.4079602,230
17031031502,26,less than 81.7617866004963% of other census tracts,18.2382134,81.7617866,medium                                                                          ,17.19268921,less than 68.407960199005% of other census tracts,31.5920398,68.4079602,65,less than 50.1243781094527% of other census tracts,49.87562189,50.12437811,220
17031031700,78,more than 59.5533498759305% of other census tracts,59.55334988,40.44665012,low                                                                             ,26.84475965,more than 83.7064676616915% of other census tracts,83.70646766,16.29353234,170,more than 83.2089552238806% of other census tracts,83.20895522,16.79104478,80
17031031800,19,less than 87.9652605459057% of other census tracts,12.03473945,87.96526055,medium                                                                          ,20.9283813,more than 54.3532338308458% of other census tracts,54.35323383,45.64676617,36,less than 70.8955223880597% of other census tracts,29.10447761,70.89552239,142
17031031900,48,less than 62.7791563275434% of other census tracts,37.22084367,62.77915633,low                                                                             ,26.70470948,more than 82.8358208955224% of other census tracts,82.8358209,17.1641791,67,more than 51.1194029850746% of other census tracts,51.11940299,48.88059701,100
17031032100,51,less than 59.8014888337469% of other census tracts,40.19851117,59.80148883,medium                                                                          ,21.26478296,more than 55.9701492537313% of other census tracts,55.97014925,44.02985075,90,more than 63.0597014925373% of other census tracts,63.05970149,36.94029851,183
17031040100,120,more than 78.7841191066998% of other census tracts,78.78411911,21.21588089,low                                                                             ,33.27135393,more than 95.3980099502488% of other census tracts,95.39800995,4.60199005,136,more than 77.1144278606965% of other census tracts,77.11442786,22.88557214,54
17031040201,136,more than 83.2506203473946% of other census tracts,83.25062035,16.74937965,medium                                                                          ,19.96315744,less than 50.7462686567164% of other census tracts,49.25373134,50.74626866,166,more than 82.5870646766169% of other census tracts,82.58706468,17.41293532,153
17031040202,78,more than 59.5533498759305% of other census tracts,59.55334988,40.44665012,high                                                                            ,19.61265464,less than 52.8606965174129% of other census tracts,47.13930348,52.86069652,92,more than 64.3034825870647% of other census tracts,64.30348259,35.69651741,288
17031040300,102,more than 71.3399503722084% of other census tracts,71.33995037,28.66004963,low                                                                             ,35.54673842,more than 97.2636815920398% of other census tracts,97.26368159,2.736318408,99,more than 66.9154228855721% of other census tracts,66.91542289,33.08457711,101
17031040401,74,more than 57.1960297766749% of other census tracts,57.19602978,42.80397022,low                                                                             ,28.29343963,more than 87.8109452736319% of other census tracts,87.81094527,12.18905473,161,more than 81.592039800995% of other census tracts,81.5920398,18.4079602,36
17031040402,99,more than 70.2233250620348% of other census tracts,70.22332506,29.77667494,low                                                                             ,25.72271848,more than 77.7363184079602% of other census tracts,77.73631841,22.26368159,151,more than 80.2238805970149% of other census tracts,80.2238806,19.7761194,39
17031040600,52,less than 59.3052109181141% of other census tracts,40.69478908,59.30521092,low                                                                             ,26.69946638,more than 82.7114427860697% of other census tracts,82.71144279,17.28855721,69,more than 52.1144278606965% of other census tracts,52.11442786,47.88557214,55
17031040700,73,more than 55.8312655086849% of other census tracts,55.83126551,44.16873449,low                                                                             ,26.19589592,more than 80.5970149253731% of other census tracts,80.59701493,19.40298507,173,more than 83.5820895522388% of other census tracts,83.58208955,16.41791045,61
17031040800,44,less than 65.2605459057072% of other census tracts,34.73945409,65.26054591,low                                                                             ,28.36989498,more than 88.0597014925373% of other census tracts,88.05970149,11.94029851,85,more than 59.8258706467662% of other census tracts,59.82587065,40.17412935,46
17031040900,63,less than 50.2481389578164% of other census tracts,49.75186104,50.24813896,low                                                                             ,31.88093124,more than 94.0298507462687% of other census tracts,94.02985075,5.970149254,65,less than 50.1243781094527% of other census tracts,49.87562189,50.12437811,62
17031050100,26,less than 81.7617866004963% of other census tracts,18.2382134,81.7617866,low                                                                             ,24.11893652,more than 70.6467661691542% of other census tracts,70.64676617,29.35323383,87,more than 61.4427860696517% of other census tracts,61.44278607,38.55721393,57
17031050200,92,more than 66.8734491315136% of other census tracts,66.87344913,33.12655087,medium                                                                          ,26.37131273,more than 81.3432835820896% of other census tracts,81.34328358,18.65671642,132,more than 76.2437810945274% of other census tracts,76.24378109,23.75621891,134
17031050300,69,more than 54.2183622828784% of other census tracts,54.21836228,45.78163772,medium                                                                          ,22.1565567,more than 60.5721393034826% of other census tracts,60.5721393,39.4278607,158,more than 81.0945273631841% of other census tracts,81.09452736,18.90547264,149
17031050500,116,more than 77.4193548387097% of other census tracts,77.41935484,22.58064516,low                                                                             ,28.37707727,more than 88.1840796019901% of other census tracts,88.1840796,11.8159204,184,more than 84.7014925373134% of other census tracts,84.70149254,15.29850746,49
17031050600,25,less than 83.0024813895782% of other census tracts,16.99751861,83.00248139,low                                                                             ,27.23624713,more than 84.8258706467662% of other census tracts,84.82587065,15.17412935,46,less than 62.5621890547264% of other census tracts,37.43781095,62.56218905,58
17031050700,24,less than 83.6228287841191% of other census tracts,16.37717122,83.62282878,low                                                                             ,35.29220785,more than 96.8905472636816% of other census tracts,96.89054726,3.109452736,51,less than 59.3283582089552% of other census tracts,40.67164179,59.32835821,16
17031050800,30,less than 77.9156327543424% of other census tracts,22.08436725,77.91563275,low                                                                             ,27.94862467,more than 87.3134328358209% of other census tracts,87.31343284,12.68656716,74,more than 53.9800995024876% of other census tracts,53.9800995,46.0199005,92
17031050900,54,less than 56.8238213399504% of other census tracts,43.17617866,56.82382134,low                                                                             ,25.30254935,more than 76.2437810945274% of other census tracts,76.24378109,23.75621891,91,more than 63.8059701492537% of other census tracts,63.80597015,36.19402985,104
17031051000,63,less than 50.2481389578164% of other census tracts,49.75186104,50.24813896,medium                                                                          ,23.73447987,more than 68.5323383084577% of other census tracts,68.53233831,31.46766169,133,more than 76.4925373134328% of other census tracts,76.49253731,23.50746269,127
17031051100,40,less than 68.1141439205955% of other census tracts,31.88585608,68.11414392,medium                                                                          ,28.42425104,more than 88.4328358208955% of other census tracts,88.43283582,11.56716418,129,more than 75.2487562189055% of other census tracts,75.24875622,24.75124378,126
17031051200,33,less than 74.317617866005% of other census tracts,25.68238213,74.31761787,low                                                                             ,31.60503579,more than 93.6567164179105% of other census tracts,93.65671642,6.343283582,86,more than 60.4477611940299% of other census tracts,60.44776119,39.55223881,69
17031051300,75,more than 57.5682382133995% of other census tracts,57.56823821,42.43176179,low                                                                             ,30.42472962,more than 91.7910447761194% of other census tracts,91.79104478,8.208955224,169,more than 82.7114427860697% of other census tracts,82.71144279,17.28855721,71
17031051400,68,more than 53.1017369727047% of other census tracts,53.10173697,46.89826303,low                                                                             ,28.41179301,more than 88.3084577114428% of other census tracts,88.30845771,11.69154229,109,more than 70.5223880597015% of other census tracts,70.52238806,29.47761194,105
17031060100,50,less than 61.2903225806452% of other census tracts,38.70967742,61.29032258,low                                                                             ,32.84098135,more than 95.0248756218906% of other census tracts,95.02487562,4.975124378,90,more than 63.0597014925373% of other census tracts,63.05970149,36.94029851,28
17031060200,31,less than 76.6749379652605% of other census tracts,23.32506203,76.67493797,low                                                                             ,28.95524618,more than 89.5522388059702% of other census tracts,89.55223881,10.44776119,46,less than 62.5621890547264% of other census tracts,37.43781095,62.56218905,66
17031060300,63,less than 50.2481389578164% of other census tracts,49.75186104,50.24813896,low                                                                             ,30.66896477,more than 92.2885572139304% of other census tracts,92.28855721,7.711442786,103,more than 68.407960199005% of other census tracts,68.4079602,31.5920398,25
17031060400,59,less than 53.7220843672457% of other census tracts,46.27791563,53.72208437,low                                                                             ,28.63401377,more than 88.9303482587065% of other census tracts,88.93034826,11.06965174,82,more than 57.8358208955224% of other census tracts,57.8358209,42.1641791,32
17031060500,21,less than 85.9801488833747% of other census tracts,14.01985112,85.98014888,medium                                                                          ,34.54842989,more than 96.3930348258706% of other census tracts,96.39303483,3.606965174,20,less than 83.955223880597% of other census tracts,16.04477612,83.95522388,168
17031060800,21,less than 85.9801488833747% of other census tracts,14.01985112,85.98014888,low                                                                             ,18.7537435,less than 58.3333333333333% of other census tracts,41.66666667,58.33333333,33,less than 73.2587064676617% of other census tracts,26.74129353,73.25870647,40
17031060900,15,less than 90.6947890818859% of other census tracts,9.305210918,90.69478908,low                                                                             ,21.78785168,more than 58.3333333333333% of other census tracts,58.33333333,41.66666667,23,less than 81.8407960199005% of other census tracts,18.15920398,81.84079602,22
17031061000,33,less than 74.317617866005% of other census tracts,25.68238213,74.31761787,low                                                                             ,18.46469272,less than 59.7014925373134% of other census tracts,40.29850746,59.70149254,34,less than 72.2636815920398% of other census tracts,27.73631841,72.26368159,93
17031061100,11,less than 93.7965260545906% of other census tracts,6.203473945,93.79652605,low                                                                             ,14.28395892,less than 82.7114427860697% of other census tracts,17.28855721,82.71144279,12,less than 91.2935323383085% of other census tracts,8.706467662,91.29353234,109
17031061200,29,less than 79.0322580645161% of other census tracts,20.96774194,79.03225806,low                                                                             ,23.48296987,more than 67.1641791044776% of other census tracts,67.1641791,32.8358209,43,less than 65.2985074626866% of other census tracts,34.70149254,65.29850746,53
17031061500,15,less than 90.6947890818859% of other census tracts,9.305210918,90.69478908,low                                                                             ,27.55018249,more than 86.0696517412935% of other census tracts,86.06965174,13.93034826,34,less than 72.2636815920398% of other census tracts,27.73631841,72.26368159,20
17031061800,8,less than 96.5260545905707% of other census tracts,3.473945409,96.52605459,medium                                                                          ,20.61010473,more than 52.7363184079602% of other census tracts,52.73631841,47.26368159,25,less than 79.4776119402985% of other census tracts,20.52238806,79.47761194,124
17031061901,28,less than 79.6526054590571% of other census tracts,20.34739454,79.65260546,low                                                                             ,22.15214014,more than 60.4477611940299% of other census tracts,60.44776119,39.55223881,53,less than 57.8358208955224% of other census tracts,42.1641791,57.8358209,70
17031061902,13,less than 92.4317617866005% of other census tracts,7.568238213,92.43176179,low                                                                             ,14.14298817,less than 83.7064676616916% of other census tracts,16.29353234,83.70646766,18,less than 85.8208955223881% of other census tracts,14.17910448,85.82089552,14
17031062000,31,less than 76.6749379652605% of other census tracts,23.32506203,76.67493797,low                                                                             ,22.53398042,more than 62.6865671641791% of other census tracts,62.68656716,37.31343284,50,less than 59.9502487562189% of other census tracts,40.04975124,59.95024876,23
17031062100,42,less than 66.5012406947891% of other census tracts,33.49875931,66.50124069,low                                                                             ,19.04224879,less than 55.7213930348259% of other census tracts,44.27860697,55.72139303,59,less than 54.6019900497512% of other census tracts,45.39800995,54.60199005,86
17031062200,46,less than 64.0198511166253% of other census tracts,35.98014888,64.01985112,low                                                                             ,24.18550982,more than 71.0199004975124% of other census tracts,71.0199005,28.9800995,70,more than 52.8606965174129% of other census tracts,52.86069652,47.13930348,95
17031062300,23,less than 84.3672456575682% of other census tracts,15.63275434,84.36724566,low                                                                             ,26.65458445,more than 82.4626865671642% of other census tracts,82.46268657,17.53731343,27,less than 77.4875621890547% of other census tracts,22.51243781,77.48756219,59
17031062400,26,less than 81.7617866004963% of other census tracts,18.2382134,81.7617866,low                                                                             ,25.74897562,more than 77.8606965174129% of other census tracts,77.86069652,22.13930348,54,less than 56.9651741293532% of other census tracts,43.03482587,56.96517413,113
17031062500,27,less than 80.6451612903226% of other census tracts,19.35483871,80.64516129,low                                                                             ,22.51611697,more than 62.5621890547264% of other census tracts,62.56218905,37.43781095,66,more than 50.3731343283582% of other census tracts,50.37313433,49.62686567,112
17031062600,74,more than 57.1960297766749% of other census tracts,57.19602978,42.80397022,medium                                                                          ,20.24596457,more than 50.6218905472637% of other census tracts,50.62189055,49.37810945,83,more than 58.3333333333333% of other census tracts,58.33333333,41.66666667,136
17031062700,55,less than 56.575682382134% of other census tracts,43.42431762,56.57568238,medium                                                                          ,22.27715456,more than 61.5671641791045% of other census tracts,61.56716418,38.43283582,123,more than 74.1293532338308% of other census tracts,74.12935323,25.87064677,147
17031062800,46,less than 64.0198511166253% of other census tracts,35.98014888,64.01985112,low                                                                             ,26.42787974,more than 81.7164179104478% of other census tracts,81.71641791,18.28358209,94,more than 65.7960199004975% of other census tracts,65.7960199,34.2039801,74
17031062900,62,less than 51.4888337468983% of other census tracts,48.51116625,51.48883375,low                                                                             ,30.80304988,more than 92.5373134328358% of other census tracts,92.53731343,7.462686567,86,more than 60.4477611940299% of other census tracts,60.44776119,39.55223881,68
17031063000,51,less than 59.8014888337469% of other census tracts,40.19851117,59.80148883,medium                                                                          ,17.19533377,less than 68.2835820895522% of other census tracts,31.71641791,68.28358209,60,less than 53.7313432835821% of other census tracts,46.26865672,53.73134328,121
17031063100,20,less than 87.3449131513648% of other census tracts,12.65508685,87.34491315,low                                                                             ,18.32984901,less than 60.6965174129353% of other census tracts,39.30348259,60.69651741,63,less than 51.3681592039801% of other census tracts,48.6318408,51.3681592,44
17031063200,29,less than 79.0322580645161% of other census tracts,20.96774194,79.03225806,low                                                                             ,20.77558894,more than 53.7313432835821% of other census tracts,53.73134328,46.26865672,44,less than 64.5522388059702% of other census tracts,35.44776119,64.55223881,21
17031063301,14,less than 91.5632754342432% of other census tracts,8.436724566,91.56327543,low                                                                             ,19.2142196,less than 54.6019900497512% of other census tracts,45.39800995,54.60199005,37,less than 69.1542288557214% of other census tracts,30.84577114,69.15422886,72
17031063302,19,less than 87.9652605459057% of other census tracts,12.03473945,87.96526055,low                                                                             ,18.82434002,less than 57.5870646766169% of other census tracts,42.41293532,57.58706468,20,less than 83.955223880597% of other census tracts,16.04477612,83.95522388,27
17031063303,8,less than 96.5260545905707% of other census tracts,3.473945409,96.52605459,low                                                                             ,26.77552388,more than 83.4577114427861% of other census tracts,83.45771144,16.54228856,3,less than 97.636815920398% of other census tracts,2.36318408,97.63681592,13
17031063400,15,less than 90.6947890818859% of other census tracts,9.305210918,90.69478908,low                                                                             ,15.13025281,less than 78.8557213930348% of other census tracts,21.14427861,78.85572139,49,less than 60.5721393034826% of other census tracts,39.4278607,60.5721393,85
17031070101,44,less than 65.2605459057072% of other census tracts,34.73945409,65.26054591,low                                                                             ,24.9044074,more than 74.6268656716418% of other census tracts,74.62686567,25.37313433,24,less than 80.8457711442786% of other census tracts,19.15422886,80.84577114,24
17031070102,6,less than 97.5186104218362% of other census tracts,2.481389578,97.51861042,low                                                                             ,15.45418293,less than 77.363184079602% of other census tracts,22.63681592,77.36318408,17,less than 87.0646766169154% of other census tracts,12.93532338,87.06467662,67
17031070103,2,less than 99.0074441687345% of other census tracts,0.9925558313,99.00744417,low                                                                             ,25.8423109,more than 78.8557213930348% of other census tracts,78.85572139,21.14427861,6,less than 96.1442786069652% of other census tracts,3.855721393,96.14427861,60
17031070200,65,more than 50.9925558312655% of other census tracts,50.99255583,49.00744417,low                                                                             ,25.04202095,more than 75.2487562189055% of other census tracts,75.24875622,24.75124378,209,more than 87.5621890547264% of other census tracts,87.56218905,12.43781095,97
17031070300,41,less than 67.4937965260546% of other census tracts,32.50620347,67.49379653,low                                                                             ,27.00320969,more than 84.0796019900498% of other census tracts,84.07960199,15.92039801,108,more than 70.1492537313433% of other census tracts,70.14925373,29.85074627,42
17031070400,37,less than 71.712158808933% of other census tracts,28.28784119,71.71215881,low                                                                             ,28.75764674,more than 89.1791044776119% of other census tracts,89.17910448,10.82089552,62,less than 51.865671641791% of other census tracts,48.13432836,51.86567164,88
17031070500,38,less than 70.3473945409429% of other census tracts,29.65260546,70.34739454,medium                                                                          ,26.72247165,more than 83.0845771144279% of other census tracts,83.08457711,16.91542289,83,more than 58.3333333333333% of other census tracts,58.33333333,41.66666667,143
17031070600,67,more than 52.1091811414392% of other census tracts,52.10918114,47.89081886,low                                                                             ,26.12148505,more than 80.2238805970149% of other census tracts,80.2238806,19.7761194,96,more than 66.5422885572139% of other census tracts,66.54228856,33.45771144,89
17031070700,69,more than 54.2183622828784% of other census tracts,54.21836228,45.78163772,medium                                                                          ,15.1974858,less than 78.4825870646766% of other census tracts,21.51741294,78.48258706,89,more than 62.6865671641791% of other census tracts,62.68656716,37.31343284,224
17031071000,32,less than 75.8064516129032% of other census tracts,24.19354839,75.80645161,low                                                                             ,31.18518697,more than 92.910447761194% of other census tracts,92.91044776,7.089552239,52,less than 58.3333333333333% of other census tracts,41.66666667,58.33333333,99
17031071100,9,less than 95.409429280397% of other census tracts,4.59057072,95.40942928,low                                                                             ,37.05271247,more than 97.8855721393035% of other census tracts,97.88557214,2.114427861,54,less than 56.9651741293532% of other census tracts,43.03482587,56.96517413,47
17031071200,36,less than 72.3325062034739% of other census tracts,27.6674938,72.3325062,low                                                                             ,31.37717202,more than 93.1592039800995% of other census tracts,93.15920398,6.84079602,101,more than 67.6616915422886% of other census tracts,67.66169154,32.33830846,35
17031071300,34,less than 73.9454094292804% of other census tracts,26.05459057,73.94540943,low                                                                             ,36.18889871,more than 97.636815920398% of other census tracts,97.63681592,2.36318408,63,less than 51.3681592039801% of other census tracts,48.6318408,51.3681592,17
17031071400,16,less than 89.9503722084367% of other census tracts,10.04962779,89.95037221,low                                                                             ,29.45568172,more than 90.0497512437811% of other census tracts,90.04975124,9.950248756,30,less than 75.2487562189055% of other census tracts,24.75124378,75.24875622,12
17031071500,51,less than 59.8014888337469% of other census tracts,40.19851117,59.80148883,low                                                                             ,24.71417776,more than 74.1293532338308% of other census tracts,74.12935323,25.87064677,114,more than 72.1393034825871% of other census tracts,72.13930348,27.86069652,45
17031071600,9,less than 95.409429280397% of other census tracts,4.59057072,95.40942928,lowest                                                                          ,41.87858173,more than 98.6318407960199% of other census tracts,98.6318408,1.368159204,87,more than 61.4427860696517% of other census tracts,61.44278607,38.55721393,7
17031071700,13,less than 92.4317617866005% of other census tracts,7.568238213,92.43176179,low                                                                             ,38.80404048,more than 98.3830845771144% of other census tracts,98.38308458,1.616915423,39,less than 67.6616915422886% of other census tracts,32.33830846,67.66169154,37
17031071800,15,less than 90.6947890818859% of other census tracts,9.305210918,90.69478908,low                                                                             ,35.37232774,more than 97.0149253731343% of other census tracts,97.01492537,2.985074627,79,more than 56.2189054726368% of other census tracts,56.21890547,43.78109453,41
17031080100,9,less than 95.409429280397% of other census tracts,4.59057072,95.40942928,lowest                                                                          ,28.64046211,more than 89.0547263681592% of other census tracts,89.05472637,10.94527363,22,less than 82.2139303482587% of other census tracts,17.78606965,82.21393035,6
17031080201,15,less than 90.6947890818859% of other census tracts,9.305210918,90.69478908,low                                                                             ,30.40645504,more than 91.6666666666667% of other census tracts,91.66666667,8.333333333,12,less than 91.2935323383085% of other census tracts,8.706467662,91.29353234,11
17031080202,6,less than 97.5186104218362% of other census tracts,2.481389578,97.51861042,low                                                                             ,25.89613863,more than 79.4776119402985% of other census tracts,79.47761194,20.52238806,20,less than 83.955223880597% of other census tracts,16.04477612,83.95522388,63
17031080300,63,less than 50.2481389578164% of other census tracts,49.75186104,50.24813896,low                                                                             ,25.81604714,more than 78.6069651741294% of other census tracts,78.60696517,21.39303483,48,less than 61.318407960199% of other census tracts,38.68159204,61.31840796,94
17031080400,30,less than 77.9156327543424% of other census tracts,22.08436725,77.91563275,high                                                                            ,23.03450737,more than 65.1741293532338% of other census tracts,65.17412935,34.82587065,30,less than 75.2487562189055% of other census tracts,24.75124378,75.24875622,381
17031081000,32,less than 75.8064516129032% of other census tracts,24.19354839,75.80645161,medium                                                                          ,26.69134006,more than 82.5870646766169% of other census tracts,82.58706468,17.41293532,26,less than 78.4825870646766% of other census tracts,21.51741294,78.48258706,174
17031081100,7,less than 97.0223325062035% of other census tracts,2.977667494,97.02233251,medium                                                                          ,18.26595424,less than 61.1940298507463% of other census tracts,38.80597015,61.19402985,19,less than 85.3233830845771% of other census tracts,14.67661692,85.32338308,131
17031081201,6,less than 97.5186104218362% of other census tracts,2.481389578,97.51861042,low                                                                             ,17.70609806,less than 65.2985074626866% of other census tracts,34.70149254,65.29850746,9,less than 94.0298507462687% of other census tracts,5.970149254,94.02985075,78
17031081202,12,less than 93.5483870967742% of other census tracts,6.451612903,93.5483871,lowest                                                                          ,26.62223804,more than 82.3383084577114% of other census tracts,82.33830846,17.66169154,26,less than 78.4825870646766% of other census tracts,21.51741294,78.48258706,8
17031081300,7,less than 97.0223325062035% of other census tracts,2.977667494,97.02233251,low                                                                             ,19.93862719,less than 50.9950248756219% of other census tracts,49.00497512,50.99502488,8,less than 94.7761194029851% of other census tracts,5.223880597,94.7761194,52
17031081401,5,less than 98.3870967741936% of other census tracts,1.612903226,98.38709677,low                                                                             ,21.06997089,more than 54.8507462686567% of other census tracts,54.85074627,45.14925373,8,less than 94.7761194029851% of other census tracts,5.223880597,94.7761194,51
17031081402,13,less than 92.4317617866005% of other census tracts,7.568238213,92.43176179,medium                                                                          ,14.22664687,less than 83.0845771144279% of other census tracts,16.91542289,83.08457711,8,less than 94.7761194029851% of other census tracts,5.223880597,94.7761194,122
17031081403,23,less than 84.3672456575682% of other census tracts,15.63275434,84.36724566,low                                                                             ,15.18879688,less than 78.6069651741294% of other census tracts,21.39303483,78.60696517,12,less than 91.2935323383085% of other census tracts,8.706467662,91.29353234,34
17031081500,10,less than 94.5409429280397% of other census tracts,5.459057072,94.54094293,low                                                                             ,14.51737793,less than 81.4676616915423% of other census tracts,18.53233831,81.46766169,6,less than 96.1442786069652% of other census tracts,3.855721393,96.14427861,79
17031081600,6,less than 97.5186104218362% of other census tracts,2.481389578,97.51861042,low                                                                             ,11.61058225,less than 92.4129353233831% of other census tracts,7.587064677,92.41293532,3,less than 97.636815920398% of other census tracts,2.36318408,97.63681592,90
17031081700,22,less than 85.3598014888338% of other census tracts,14.64019851,85.35980149,low                                                                             ,12.17235736,less than 90.4228855721393% of other census tracts,9.577114428,90.42288557,11,less than 92.2885572139304% of other census tracts,7.711442786,92.28855721,114
17031081800,68,more than 53.1017369727047% of other census tracts,53.10173697,46.89826303,medium                                                                          ,11.76041174,less than 91.9154228855721% of other census tracts,8.084577114,91.91542289,38,less than 68.5323383084577% of other census tracts,31.46766169,68.53233831,156
17031081900,5,less than 98.3870967741936% of other census tracts,1.612903226,98.38709677,medium                                                                          ,22.62169045,more than 63.4328358208955% of other census tracts,63.43283582,36.56716418,2,less than 98.0099502487562% of other census tracts,1.990049751,98.00995025,245
17031090100,186,more than 91.3151364764268% of other census tracts,91.31513648,8.684863524,medium                                                                          ,18.2554569,less than 61.5671641791045% of other census tracts,38.43283582,61.56716418,354,more than 96.2686567164179% of other census tracts,96.26865672,3.731343284,210
17031090200,296,more than 97.6426799007444% of other census tracts,97.6426799,2.357320099,medium                                                                          ,26.45535446,more than 81.9651741293532% of other census tracts,81.96517413,18.03482587,404,more than 97.2636815920398% of other census tracts,97.26368159,2.736318408,140
17031090300,102,more than 71.3399503722084% of other census tracts,71.33995037,28.66004963,medium                                                                          ,23.63250147,more than 67.7860696517413% of other census tracts,67.78606965,32.21393035,69,more than 52.1144278606965% of other census tracts,52.11442786,47.88557214,155
17031100100,179,more than 90.5707196029777% of other census tracts,90.5707196,9.429280397,medium                                                                          ,21.12388462,more than 55.3482587064677% of other census tracts,55.34825871,44.65174129,250,more than 90.547263681592% of other census tracts,90.54726368,9.452736318,250
17031100200,223,more than 94.7890818858561% of other census tracts,94.78908189,5.210918114,medium                                                                          ,26.76654261,more than 83.3333333333333% of other census tracts,83.33333333,16.66666667,405,more than 97.3880597014925% of other census tracts,97.3880597,2.611940299,216
17031100300,335,more than 98.2630272952854% of other census tracts,98.2630273,1.736972705,medium                                                                          ,27.62560238,more than 86.318407960199% of other census tracts,86.31840796,13.68159204,318,more than 95.273631840796% of other census tracts,95.27363184,4.726368159,197
17031100400,141,more than 84.2431761786601% of other census tracts,84.24317618,15.75682382,medium                                                                          ,21.31609574,more than 56.0945273631841% of other census tracts,56.09452736,43.90547264,219,more than 88.4328358208955% of other census tracts,88.43283582,11.56716418,233
17031100500,61,less than 52.2332506203474% of other census tracts,47.76674938,52.23325062,high                                                                            ,18.14083282,less than 62.4378109452736% of other census tracts,37.56218905,62.43781095,109,more than 70.5223880597015% of other census tracts,70.52238806,29.47761194,301
17031100600,123,more than 79.2803970223325% of other census tracts,79.28039702,20.71960298,high                                                                            ,19.80222868,less than 51.6169154228856% of other census tracts,48.38308458,51.61691542,202,more than 86.6915422885572% of other census tracts,86.69154229,13.30845771,305
17031100700,128,more than 80.3970223325062% of other census tracts,80.39702233,19.60297767,medium                                                                          ,20.42356981,more than 51.865671641791% of other census tracts,51.86567164,48.13432836,299,more than 93.9054726368159% of other census tracts,93.90547264,6.094527363,265
17031110100,149,more than 85.8560794044665% of other census tracts,85.8560794,14.1439206,medium                                                                          ,30.0684372,more than 91.4179104477612% of other census tracts,91.41791045,8.582089552,319,more than 95.3980099502488% of other census tracts,95.39800995,4.60199005,160
17031110200,91,more than 66.6253101736973% of other census tracts,66.62531017,33.37468983,high                                                                            ,14.15416595,less than 83.4577114427861% of other census tracts,16.54228856,83.45771144,113,more than 71.7661691542289% of other census tracts,71.76616915,28.23383085,373
17031110300,79,more than 60.0496277915633% of other census tracts,60.04962779,39.95037221,high                                                                            ,17.92000541,less than 64.0547263681592% of other census tracts,35.94527363,64.05472637,128,more than 74.8756218905473% of other census tracts,74.87562189,25.12437811,309
17031110400,90,more than 66.2531017369727% of other census tracts,66.25310174,33.74689826,high                                                                            ,19.75857605,less than 51.865671641791% of other census tracts,48.13432836,51.86567164,141,more than 77.7363184079602% of other census tracts,77.73631841,22.26368159,313
17031110501,81,more than 61.166253101737% of other census tracts,61.1662531,38.8337469,medium                                                                          ,23.05368857,more than 65.2985074626866% of other census tracts,65.29850746,34.70149254,272,more than 92.2885572139304% of other census tracts,92.28855721,7.711442786,246
17031110502,100,more than 70.8436724565757% of other census tracts,70.84367246,29.15632754,high                                                                            ,19.31044299,less than 54.1044776119403% of other census tracts,45.89552239,54.10447761,259,more than 91.2935323383085% of other census tracts,91.29353234,8.706467662,293
17031120100,196,more than 93.0521091811415% of other census tracts,93.05210918,6.947890819,lowest                                                                          ,58.012895,more than 99.7512437810945% of other census tracts,99.75124378,0.2487562189,515,more than 99.5024875621891% of other census tracts,99.50248756,0.4975124378,1
17031120200,172,more than 89.5781637717122% of other census tracts,89.57816377,10.42183623,lowest                                                                          ,43.20173515,more than 99.0049751243781% of other census tracts,99.00497512,0.9950248756,251,more than 90.7960199004975% of other census tracts,90.7960199,9.2039801,4
17031120300,197,more than 93.424317617866% of other census tracts,93.42431762,6.575682382,low                                                                             ,32.56603738,more than 94.5273631840796% of other census tracts,94.52736318,5.472636816,269,more than 92.0398009950249% of other census tracts,92.039801,7.960199005,73
17031120400,86,more than 63.3995037220844% of other census tracts,63.39950372,36.60049628,low                                                                             ,34.99949158,more than 96.6417910447761% of other census tracts,96.64179104,3.358208955,298,more than 93.7810945273632% of other census tracts,93.78109453,6.218905473,107
17031130100,309,more than 98.014888337469% of other census tracts,98.01488834,1.985111663,medium                                                                          ,35.05252642,more than 96.7661691542289% of other census tracts,96.76616915,3.233830846,230,more than 89.1791044776119% of other census tracts,89.17910448,10.82089552,164
17031130200,28,less than 79.6526054590571% of other census tracts,20.34739454,79.65260546,low                                                                             ,38.63625215,more than 98.2587064676617% of other census tracts,98.25870647,1.741293532,63,less than 51.3681592039801% of other census tracts,48.6318408,51.3681592,19
17031130300,90,more than 66.2531017369727% of other census tracts,66.25310174,33.74689826,medium                                                                          ,29.9716747,more than 90.9203980099503% of other census tracts,90.92039801,9.07960199,76,more than 54.6019900497512% of other census tracts,54.60199005,45.39800995,173
17031140100,29,less than 79.0322580645161% of other census tracts,20.96774194,79.03225806,medium                                                                          ,23.54687174,more than 67.5373134328358% of other census tracts,67.53731343,32.46268657,46,less than 62.5621890547264% of other census tracts,37.43781095,62.56218905,207
17031140200,67,more than 52.1091811414392% of other census tracts,52.10918114,47.89081886,high                                                                            ,20.56173982,more than 52.4875621890547% of other census tracts,52.48756219,47.51243781,70,more than 52.8606965174129% of other census tracts,52.86069652,47.13930348,283
17031140301,27,less than 80.6451612903226% of other census tracts,19.35483871,80.64516129,medium                                                                          ,21.58933095,more than 57.5870646766169% of other census tracts,57.58706468,42.41293532,30,less than 75.2487562189055% of other census tracts,24.75124378,75.24875622,259
17031140302,50,less than 61.2903225806452% of other census tracts,38.70967742,61.29032258,medium                                                                          ,30.04482308,more than 91.1691542288557% of other census tracts,91.16915423,8.830845771,46,less than 62.5621890547264% of other census tracts,37.43781095,62.56218905,175
17031140400,117,more than 77.7915632754342% of other census tracts,77.79156328,22.20843672,medium                                                                          ,22.34682635,more than 61.81592039801% of other census tracts,61.8159204,38.1840796,249,more than 90.4228855721393% of other census tracts,90.42288557,9.577114428,257
17031140500,51,less than 59.8014888337469% of other census tracts,40.19851117,59.80148883,medium                                                                          ,20.63918225,more than 52.9850746268657% of other census tracts,52.98507463,47.01492537,178,more than 84.0796019900498% of other census tracts,84.07960199,15.92039801,260
17031140601,64,more than 50.3722084367246% of other census tracts,50.37220844,49.62779156,high                                                                            ,23.6268315,more than 67.6616915422886% of other census tracts,67.66169154,32.33830846,101,more than 67.6616915422886% of other census tracts,67.66169154,32.33830846,290
17031140602,73,more than 55.8312655086849% of other census tracts,55.83126551,44.16873449,medium                                                                          ,25.4006992,more than 76.6169154228856% of other census tracts,76.61691542,23.38308458,80,more than 56.9651741293532% of other census tracts,56.96517413,43.03482587,255
17031140701,26,less than 81.7617866004963% of other census tracts,18.2382134,81.7617866,medium                                                                          ,15.37881173,less than 77.8606965174129% of other census tracts,22.13930348,77.86069652,32,less than 73.7562189054726% of other census tracts,26.24378109,73.75621891,236
17031140702,109,more than 75.1861042183623% of other census tracts,75.18610422,24.81389578,high                                                                            ,24.96432802,more than 74.8756218905473% of other census tracts,74.87562189,25.12437811,129,more than 75.2487562189055% of other census tracts,75.24875622,24.75124378,270
17031140800,158,more than 86.9727047146402% of other census tracts,86.97270471,13.02729529,medium                                                                          ,27.848956,more than 87.0646766169154% of other census tracts,87.06467662,12.93532338,189,more than 85.4477611940299% of other census tracts,85.44776119,14.55223881,148
17031150200,225,more than 94.9131513647643% of other census tracts,94.91315136,5.086848635,high                                                                            ,22.81637949,more than 63.9303482587065% of other census tracts,63.93034826,36.06965174,281,more than 93.0348258706468% of other census tracts,93.03482587,6.965174129,316
17031150300,270,more than 96.6501240694789% of other census tracts,96.65012407,3.349875931,medium                                                                          ,23.38425541,more than 66.7910447761194% of other census tracts,66.79104478,33.20895522,490,more than 99.2537313432836% of other census tracts,99.25373134,0.7462686567,266
17031150401,89,more than 65.136476426799% of other census tracts,65.13647643,34.86352357,high                                                                            ,19.09989542,less than 55.2238805970149% of other census tracts,44.7761194,55.2238806,139,more than 77.363184079602% of other census tracts,77.36318408,22.63681592,339
17031150402,109,more than 75.1861042183623% of other census tracts,75.18610422,24.81389578,high                                                                            ,17.05993005,less than 69.1542288557214% of other census tracts,30.84577114,69.15422886,200,more than 86.0696517412935% of other census tracts,86.06965174,13.93034826,344
17031150501,47,less than 63.3995037220844% of other census tracts,36.60049628,63.39950372,high                                                                            ,18.89997894,less than 56.4676616915423% of other census tracts,43.53233831,56.46766169,115,more than 72.3880597014925% of other census tracts,72.3880597,27.6119403,304
17031150502,51,less than 59.8014888337469% of other census tracts,40.19851117,59.80148883,high                                                                            ,20.70375937,more than 53.3582089552239% of other census tracts,53.35820896,46.64179104,83,more than 58.3333333333333% of other census tracts,58.33333333,41.66666667,360
17031150600,113,more than 76.0545905707196% of other census tracts,76.05459057,23.94540943,high                                                                            ,24.07760209,more than 70.273631840796% of other census tracts,70.27363184,29.72636816,202,more than 86.6915422885572% of other census tracts,86.69154229,13.30845771,310
17031150700,122,more than 79.1563275434243% of other census tracts,79.15632754,20.84367246,high                                                                            ,18.14945965,less than 62.1890547263682% of other census tracts,37.81094527,62.18905473,459,more than 98.6318407960199% of other census tracts,98.6318408,1.368159204,388
17031150800,135,more than 83.0024813895782% of other census tracts,83.00248139,16.99751861,high                                                                            ,17.74622726,less than 64.8009950248756% of other census tracts,35.19900498,64.80099502,279,more than 92.7860696517413% of other census tracts,92.78606965,7.213930348,350
17031151001,84,more than 62.1588089330025% of other census tracts,62.15880893,37.84119107,high                                                                            ,19.67869722,less than 52.1144278606965% of other census tracts,47.88557214,52.11442786,241,more than 90.0497512437811% of other census tracts,90.04975124,9.950248756,342
17031151002,79,more than 60.0496277915633% of other census tracts,60.04962779,39.95037221,high                                                                            ,16.18052524,less than 73.8805970149254% of other census tracts,26.11940299,73.88059701,334,more than 95.771144278607% of other census tracts,95.77114428,4.228855721,408
17031151100,229,more than 95.1612903225806% of other census tracts,95.16129032,4.838709677,high                                                                            ,15.97744929,less than 75% of other census tracts,25,75,417,more than 97.7611940298507% of other census tracts,97.76119403,2.23880597,413
17031151200,73,more than 55.8312655086849% of other census tracts,55.83126551,44.16873449,high                                                                            ,14.43512717,less than 82.089552238806% of other census tracts,17.91044776,82.08955224,142,more than 77.9850746268657% of other census tracts,77.98507463,22.01492537,415
17031160100,77,more than 58.9330024813896% of other census tracts,58.93300248,41.06699752,high                                                                            ,27.12196947,more than 84.452736318408% of other census tracts,84.45273632,15.54726368,373,more than 96.7661691542289% of other census tracts,96.76616915,3.233830846,269
17031160200,64,more than 50.3722084367246% of other census tracts,50.37220844,49.62779156,medium                                                                          ,21.72327206,more than 58.0845771144279% of other census tracts,58.08457711,41.91542289,269,more than 92.0398009950249% of other census tracts,92.039801,7.960199005,229
17031160300,58,less than 54.3424317617866% of other census tracts,45.65756824,54.34243176,medium                                                                          ,24.64829314,more than 73.8805970149254% of other census tracts,73.88059701,26.11940299,91,more than 63.8059701492537% of other census tracts,63.80597015,36.19402985,218
17031160400,168,more than 88.4615384615385% of other census tracts,88.46153846,11.53846154,medium                                                                          ,29.20296364,more than 89.8009950248756% of other census tracts,89.80099502,10.19900498,255,more than 91.044776119403% of other census tracts,91.04477612,8.955223881,231
17031160501,63,less than 50.2481389578164% of other census tracts,49.75186104,50.24813896,high                                                                            ,23.05919639,more than 65.4228855721393% of other census tracts,65.42288557,34.57711443,86,more than 60.4477611940299% of other census tracts,60.44776119,39.55223881,274
17031160502,49,less than 61.9106699751861% of other census tracts,38.08933002,61.91066998,high                                                                            ,24.25648112,more than 71.2686567164179% of other census tracts,71.26865672,28.73134328,94,more than 65.7960199004975% of other census tracts,65.7960199,34.2039801,268
17031160601,85,more than 62.7791563275434% of other census tracts,62.77915633,37.22084367,medium                                                                          ,23.51040125,more than 67.2885572139304% of other census tracts,67.28855721,32.71144279,84,more than 58.955223880597% of other census tracts,58.95522388,41.04477612,193
17031160602,72,more than 54.9627791563275% of other census tracts,54.96277916,45.03722084,medium                                                                          ,27.50775716,more than 85.9452736318408% of other census tracts,85.94527363,14.05472637,87,more than 61.4427860696517% of other census tracts,61.44278607,38.55721393,170
17031160700,171,more than 89.2059553349876% of other census tracts,89.20595533,10.79404467,medium                                                                          ,23.02362471,more than 65.0497512437811% of other census tracts,65.04975124,34.95024876,181,more than 84.452736318408% of other census tracts,84.45273632,15.54726368,202
17031160800,99,more than 70.2233250620348% of other census tracts,70.22332506,29.77667494,high                                                                            ,19.46865934,less than 53.4825870646766% of other census tracts,46.51741294,53.48258706,146,more than 79.228855721393% of other census tracts,79.22885572,20.77114428,311
17031160900,50,less than 61.2903225806452% of other census tracts,38.70967742,61.29032258,medium                                                                          ,31.63958522,more than 93.7810945273632% of other census tracts,93.78109453,6.218905473,99,more than 66.9154228855721% of other census tracts,66.91542289,33.08457711,125
17031161000,58,less than 54.3424317617866% of other census tracts,45.65756824,54.34243176,medium                                                                          ,27.48635598,more than 85.8208955223881% of other census tracts,85.82089552,14.17910448,102,more than 67.7860696517413% of other census tracts,67.78606965,32.21393035,182
17031161100,76,more than 58.1885856079405% of other census tracts,58.18858561,41.81141439,medium                                                                          ,27.76977511,more than 86.5671641791045% of other census tracts,86.56716418,13.43283582,174,more than 83.8308457711443% of other census tracts,83.83084577,16.16915423,120
17031161200,71,more than 54.7146401985112% of other census tracts,54.7146402,45.2853598,high                                                                            ,20.74621077,more than 53.6069651741294% of other census tracts,53.60696517,46.39303483,150,more than 79.8507462686567% of other census tracts,79.85074627,20.14925373,318
17031161300,84,more than 62.1588089330025% of other census tracts,62.15880893,37.84119107,high                                                                            ,20.11786466,more than 50.1243781094527% of other census tracts,50.12437811,49.87562189,93,more than 64.9253731343284% of other census tracts,64.92537313,35.07462687,345
17031170100,131,more than 81.0173697270471% of other census tracts,81.01736973,18.98263027,high                                                                            ,12.96850005,less than 86.5671641791045% of other census tracts,13.43283582,86.56716418,6,less than 96.1442786069652% of other census tracts,3.855721393,96.14427861,426
17031170200,95,more than 67.9900744416873% of other census tracts,67.99007444,32.00992556,high                                                                            ,19.4873249,less than 53.3582089552239% of other census tracts,46.64179104,53.35820896,119,more than 73.5074626865672% of other census tracts,73.50746269,26.49253731,326
17031170300,142,more than 84.6153846153846% of other census tracts,84.61538462,15.38461538,high                                                                            ,18.79437659,less than 58.0845771144279% of other census tracts,41.91542289,58.08457711,161,more than 81.592039800995% of other census tracts,81.5920398,18.4079602,354
17031170400,74,more than 57.1960297766749% of other census tracts,57.19602978,42.80397022,high                                                                            ,17.19838847,less than 68.1592039800995% of other census tracts,31.84079602,68.15920398,90,more than 63.0597014925373% of other census tracts,63.05970149,36.94029851,376
17031170500,151,more than 86.2282878411911% of other census tracts,86.22828784,13.77171216,medium                                                                          ,21.110998,more than 55.2238805970149% of other census tracts,55.2238806,44.7761194,179,more than 84.2039800995025% of other census tracts,84.2039801,15.7960199,242
17031170600,63,less than 50.2481389578164% of other census tracts,49.75186104,50.24813896,high                                                                            ,21.97658742,more than 59.7014925373134% of other census tracts,59.70149254,40.29850746,131,more than 75.9950248756219% of other census tracts,75.99502488,24.00497512,336
17031170700,100,more than 70.8436724565757% of other census tracts,70.84367246,29.15632754,high                                                                            ,17.40950199,less than 67.4129353233831% of other census tracts,32.58706468,67.41293532,135,more than 76.865671641791% of other census tracts,76.86567164,23.13432836,329
17031170800,311,more than 98.1389578163772% of other census tracts,98.13895782,1.861042184,high                                                                            ,18.8823241,less than 56.7164179104478% of other census tracts,43.28358209,56.71641791,488,more than 99.1293532338308% of other census tracts,99.12935323,0.8706467662,411
17031170900,37,less than 71.712158808933% of other census tracts,28.28784119,71.71215881,high                                                                            ,19.65140957,less than 52.4875621890547% of other census tracts,47.51243781,52.48756219,49,less than 60.5721393034826% of other census tracts,39.4278607,60.5721393,443
17031171000,208,more than 94.1687344913151% of other census tracts,94.16873449,5.831265509,high                                                                            ,19.67302084,less than 52.2388059701493% of other census tracts,47.76119403,52.23880597,342,more than 96.0199004975124% of other census tracts,96.0199005,3.980099502,361
17031171100,74,more than 57.1960297766749% of other census tracts,57.19602978,42.80397022,high                                                                            ,16.99648441,less than 69.5273631840796% of other census tracts,30.47263682,69.52736318,100,more than 67.1641791044776% of other census tracts,67.1641791,32.8358209,366
17031180100,86,more than 63.3995037220844% of other census tracts,63.39950372,36.60049628,high                                                                            ,18.97820618,less than 55.8457711442786% of other census tracts,44.15422886,55.84577114,88,more than 61.9402985074627% of other census tracts,61.94029851,38.05970149,441
17031190100,24,less than 83.6228287841191% of other census tracts,16.37717122,83.62282878,high                                                                            ,14.46123659,less than 81.8407960199005% of other census tracts,18.15920398,81.84079602,20,less than 83.955223880597% of other census tracts,16.04477612,83.95522388,374
17031190200,43,less than 65.6327543424318% of other census tracts,34.36724566,65.63275434,high                                                                            ,17.2162733,less than 68.0348258706468% of other census tracts,31.96517413,68.03482587,55,less than 56.3432835820896% of other census tracts,43.65671642,56.34328358,436
17031190300,87,more than 63.8957816377171% of other census tracts,63.89578164,36.10421836,high                                                                            ,15.14641098,less than 78.7313432835821% of other census tracts,21.26865672,78.73134328,116,more than 72.7611940298507% of other census tracts,72.76119403,27.23880597,450
17031190401,98,more than 69.8511166253102% of other census tracts,69.85111663,30.14888337,highest                                                                         ,13.53993838,less than 84.9502487562189% of other census tracts,15.04975124,84.95024876,59,less than 54.6019900497512% of other census tracts,45.39800995,54.60199005,492
17031190402,58,less than 54.3424317617866% of other census tracts,45.65756824,54.34243176,high                                                                            ,14.17600182,less than 83.2089552238806% of other census tracts,16.79104478,83.20895522,65,less than 50.1243781094527% of other census tracts,49.87562189,50.12437811,481
17031190601,97,more than 69.3548387096774% of other census tracts,69.35483871,30.64516129,high                                                                            ,22.45950731,more than 62.3134328358209% of other census tracts,62.31343284,37.68656716,35,less than 71.7661691542289% of other census tracts,28.23383085,71.76616915,378
17031190602,104,more than 72.0843672456576% of other census tracts,72.08436725,27.91563275,high                                                                            ,16.88328936,less than 69.9004975124378% of other census tracts,30.09950249,69.90049751,123,more than 74.1293532338308% of other census tracts,74.12935323,25.87064677,480
17031190701,20,less than 87.3449131513648% of other census tracts,12.65508685,87.34491315,high                                                                            ,15.94978842,less than 75.1243781094527% of other census tracts,24.87562189,75.12437811,26,less than 78.4825870646766% of other census tracts,21.51741294,78.48258706,467
17031190702,36,less than 72.3325062034739% of other census tracts,27.6674938,72.3325062,highest                                                                         ,18.39365852,less than 60.1990049751244% of other census tracts,39.80099502,60.19900498,46,less than 62.5621890547264% of other census tracts,37.43781095,62.56218905,489
17031190800,85,more than 62.7791563275434% of other census tracts,62.77915633,37.22084367,highest                                                                         ,14.4453219,less than 81.9651741293532% of other census tracts,18.03482587,81.96517413,79,more than 56.2189054726368% of other census tracts,56.21890547,43.78109453,516
17031190900,31,less than 76.6749379652605% of other census tracts,23.32506203,76.67493797,high                                                                            ,17.91285971,less than 64.3034825870647% of other census tracts,35.69651741,64.30348259,21,less than 83.2089552238806% of other census tracts,16.79104478,83.20895522,433
17031191000,28,less than 79.6526054590571% of other census tracts,20.34739454,79.65260546,high                                                                            ,12.71974,less than 87.8109452736319% of other census tracts,12.18905473,87.81094527,61,less than 52.7363184079602% of other census tracts,47.26368159,52.73631841,452
17031191100,81,more than 61.166253101737% of other census tracts,61.1662531,38.8337469,high                                                                            ,18.45669929,less than 59.9502487562189% of other census tracts,40.04975124,59.95024876,67,more than 51.1194029850746% of other census tracts,51.11940299,48.88059701,424
17031191200,83,more than 61.7866004962779% of other census tracts,61.7866005,38.2133995,highest                                                                         ,10.34662261,less than 95.6467661691542% of other census tracts,4.353233831,95.64676617,22,less than 82.2139303482587% of other census tracts,17.78606965,82.21393035,655
17031191301,69,more than 54.2183622828784% of other census tracts,54.21836228,45.78163772,highest                                                                         ,15.28178744,less than 78.1094527363184% of other census tracts,21.89054726,78.10945274,33,less than 73.2587064676617% of other census tracts,26.74129353,73.25870647,552
17031191302,87,more than 63.8957816377171% of other census tracts,63.89578164,36.10421836,highest                                                                         ,13.44921538,less than 85.4477611940299% of other census tracts,14.55223881,85.44776119,34,less than 72.2636815920398% of other census tracts,27.73631841,72.26368159,541
17031200100,186,more than 91.3151364764268% of other census tracts,91.31513648,8.684863524,high                                                                            ,17.70414578,less than 65.4228855721393% of other census tracts,34.57711443,65.42288557,369,more than 96.6417910447761% of other census tracts,96.64179104,3.358208955,371
17031200200,77,more than 58.9330024813896% of other census tracts,58.93300248,41.06699752,high                                                                            ,16.30257379,less than 73.2587064676617% of other census tracts,26.74129353,73.25870647,35,less than 71.7661691542289% of other census tracts,28.23383085,71.76616915,399
17031200300,21,less than 85.9801488833747% of other census tracts,14.01985112,85.98014888,high                                                                            ,14.98272323,less than 79.726368159204% of other census tracts,20.27363184,79.72636816,24,less than 80.8457711442786% of other census tracts,19.15422886,80.84577114,432
17031200401,39,less than 69.106699751861% of other census tracts,30.89330025,69.10669975,highest                                                                         ,17.89555594,less than 64.4278606965174% of other census tracts,35.5721393,64.4278607,77,more than 55.3482587064677% of other census tracts,55.34825871,44.65174129,499
17031200402,58,less than 54.3424317617866% of other census tracts,45.65756824,54.34243176,high                                                                            ,17.51079599,less than 66.4179104477612% of other census tracts,33.58208955,66.41791045,93,more than 64.9253731343284% of other census tracts,64.92537313,35.07462687,416
17031210100,54,less than 56.8238213399504% of other census tracts,43.17617866,56.82382134,high                                                                            ,14.98154272,less than 79.8507462686567% of other census tracts,20.14925373,79.85074627,156,more than 80.7213930348259% of other census tracts,80.72139303,19.27860697,306
17031210400,82,more than 61.6625310173697% of other census tracts,61.66253102,38.33746898,high                                                                            ,12.29634711,less than 90.0497512437811% of other census tracts,9.950248756,90.04975124,96,more than 66.5422885572139% of other census tracts,66.54228856,33.45771144,448
17031210501,49,less than 61.9106699751861% of other census tracts,38.08933002,61.91066998,high                                                                            ,16.60639353,less than 71.7661691542289% of other census tracts,28.23383085,71.76616915,86,more than 60.4477611940299% of other census tracts,60.44776119,39.55223881,338
17031210502,33,less than 74.317617866005% of other census tracts,25.68238213,74.31761787,high                                                                            ,18.29322757,less than 61.0696517412935% of other census tracts,38.93034826,61.06965174,69,more than 52.1144278606965% of other census tracts,52.11442786,47.88557214,356
17031210601,49,less than 61.9106699751861% of other census tracts,38.08933002,61.91066998,high                                                                            ,21.41427002,more than 56.2189054726368% of other census tracts,56.21890547,43.78109453,113,more than 71.7661691542289% of other census tracts,71.76616915,28.23383085,308
17031210602,101,more than 70.9677419354839% of other census tracts,70.96774194,29.03225806,high                                                                            ,16.51305491,less than 72.1393034825871% of other census tracts,27.86069652,72.13930348,278,more than 92.6616915422886% of other census tracts,92.66169154,7.338308458,332
17031210700,43,less than 65.6327543424318% of other census tracts,34.36724566,65.63275434,high                                                                            ,19.08803406,less than 55.3482587064677% of other census tracts,44.65174129,55.34825871,131,more than 75.9950248756219% of other census tracts,75.99502488,24.00497512,281
17031210800,11,less than 93.7965260545906% of other census tracts,6.203473945,93.79652605,high                                                                            ,14.29392808,less than 82.4626865671642% of other census tracts,17.53731343,82.46268657,28,less than 76.6169154228856% of other census tracts,23.38308458,76.61691542,295
17031210900,65,more than 50.9925558312655% of other census tracts,50.99255583,49.00744417,medium                                                                          ,14.49004672,less than 81.7164179104478% of other census tracts,18.28358209,81.71641791,143,more than 78.2338308457711% of other census tracts,78.23383085,21.76616915,241
17031220300,54,less than 56.8238213399504% of other census tracts,43.17617866,56.82382134,medium                                                                          ,24.68497426,more than 74.0049751243781% of other census tracts,74.00497512,25.99502488,79,more than 56.2189054726368% of other census tracts,56.21890547,43.78109453,159
17031220400,33,less than 74.317617866005% of other census tracts,25.68238213,74.31761787,low                                                                             ,24.48163086,more than 72.7611940298507% of other census tracts,72.76119403,27.23880597,96,more than 66.5422885572139% of other census tracts,66.54228856,33.45771144,115
17031220500,54,less than 56.8238213399504% of other census tracts,43.17617866,56.82382134,medium                                                                          ,24.22298179,more than 71.1442786069652% of other census tracts,71.14427861,28.85572139,87,more than 61.4427860696517% of other census tracts,61.44278607,38.55721393,146
17031220601,14,less than 91.5632754342432% of other census tracts,8.436724566,91.56327543,medium                                                                          ,24.10287564,more than 70.3980099502488% of other census tracts,70.39800995,29.60199005,48,less than 61.318407960199% of other census tracts,38.68159204,61.31840796,166
17031220602,91,more than 66.6253101736973% of other census tracts,66.62531017,33.37468983,medium                                                                          ,22.5454895,more than 62.9353233830846% of other census tracts,62.93532338,37.06467662,189,more than 85.4477611940299% of other census tracts,85.44776119,14.55223881,247
17031220701,42,less than 66.5012406947891% of other census tracts,33.49875931,66.50124069,high                                                                            ,18.79118362,less than 58.2089552238806% of other census tracts,41.79104478,58.20895522,68,more than 51.3681592039801% of other census tracts,51.3681592,48.6318408,292
17031220702,119,more than 78.4119106699752% of other census tracts,78.41191067,21.58808933,high                                                                            ,16.54308899,less than 72.0149253731343% of other census tracts,27.98507463,72.01492537,202,more than 86.6915422885572% of other census tracts,86.69154229,13.30845771,364
17031220901,63,less than 50.2481389578164% of other census tracts,49.75186104,50.24813896,high                                                                            ,17.5080374,less than 66.5422885572139% of other census tracts,33.45771144,66.54228856,124,more than 74.2537313432836% of other census tracts,74.25373134,25.74626866,402
17031220902,80,more than 60.545905707196% of other census tracts,60.54590571,39.45409429,high                                                                            ,18.1414378,less than 62.3134328358209% of other census tracts,37.68656716,62.31343284,114,more than 72.1393034825871% of other census tracts,72.13930348,27.86069652,324
17031221000,107,more than 74.317617866005% of other census tracts,74.31761787,25.68238213,high                                                                            ,20.46763162,more than 52.1144278606965% of other census tracts,52.11442786,47.88557214,186,more than 84.8258706467662% of other census tracts,84.82587065,15.17412935,291
17031221100,85,more than 62.7791563275434% of other census tracts,62.77915633,37.22084367,high                                                                            ,24.7428459,more than 74.2537313432836% of other census tracts,74.25373134,25.74626866,162,more than 81.8407960199005% of other census tracts,81.84079602,18.15920398,278
17031221200,68,more than 53.1017369727047% of other census tracts,53.10173697,46.89826303,medium                                                                          ,29.34666214,more than 89.9253731343284% of other census tracts,89.92537313,10.07462687,88,more than 61.9402985074627% of other census tracts,61.94029851,38.05970149,165
17031221300,54,less than 56.8238213399504% of other census tracts,43.17617866,56.82382134,high                                                                            ,21.60486098,more than 57.7114427860697% of other census tracts,57.71144279,42.28855721,80,more than 56.9651741293532% of other census tracts,56.96517413,43.03482587,277
17031221400,38,less than 70.3473945409429% of other census tracts,29.65260546,70.34739454,high                                                                            ,18.04503925,less than 63.0597014925373% of other census tracts,36.94029851,63.05970149,82,more than 57.8358208955224% of other census tracts,57.8358209,42.1641791,285
17031221500,42,less than 66.5012406947891% of other census tracts,33.49875931,66.50124069,medium                                                                          ,24.14087422,more than 70.771144278607% of other census tracts,70.77114428,29.22885572,106,more than 69.6517412935323% of other census tracts,69.65174129,30.34825871,235
17031221600,58,less than 54.3424317617866% of other census tracts,45.65756824,54.34243176,low                                                                             ,26.01644876,more than 79.726368159204% of other census tracts,79.72636816,20.27363184,162,more than 81.8407960199005% of other census tracts,81.84079602,18.15920398,111
17031222200,32,less than 75.8064516129032% of other census tracts,24.19354839,75.80645161,low                                                                             ,26.387003,more than 81.4676616915423% of other census tracts,81.46766169,18.53233831,80,more than 56.9651741293532% of other census tracts,56.96517413,43.03482587,96
17031222500,46,less than 64.0198511166253% of other census tracts,35.98014888,64.01985112,medium                                                                          ,21.89544403,more than 58.955223880597% of other census tracts,58.95522388,41.04477612,94,more than 65.7960199004975% of other census tracts,65.7960199,34.2039801,240
17031222600,33,less than 74.317617866005% of other census tracts,25.68238213,74.31761787,medium                                                                          ,28.89480454,more than 89.4278606965174% of other census tracts,89.4278607,10.5721393,25,less than 79.4776119402985% of other census tracts,20.52238806,79.47761194,203
17031222700,31,less than 76.6749379652605% of other census tracts,23.32506203,76.67493797,high                                                                            ,22.95025549,more than 64.4278606965174% of other census tracts,64.4278607,35.5721393,41,less than 66.044776119403% of other census tracts,33.95522388,66.04477612,320
17031222800,31,less than 76.6749379652605% of other census tracts,23.32506203,76.67493797,high                                                                            ,21.81312626,more than 58.5820895522388% of other census tracts,58.58208955,41.41791045,37,less than 69.1542288557214% of other census tracts,30.84577114,69.15422886,353
17031222900,39,less than 69.106699751861% of other census tracts,30.89330025,69.10669975,high                                                                            ,15.567117,less than 76.7412935323383% of other census tracts,23.25870647,76.74129353,58,less than 55.4726368159204% of other census tracts,44.52736318,55.47263682,449
17031230100,39,less than 69.106699751861% of other census tracts,30.89330025,69.10669975,high                                                                            ,22.96521671,more than 64.5522388059702% of other census tracts,64.55223881,35.44776119,51,less than 59.3283582089552% of other census tracts,40.67164179,59.32835821,315
17031230200,35,less than 73.0769230769231% of other census tracts,26.92307692,73.07692308,high                                                                            ,19.51198201,less than 53.2338308457711% of other census tracts,46.76616915,53.23383085,45,less than 63.5572139303483% of other census tracts,36.44278607,63.55721393,409
17031230300,31,less than 76.6749379652605% of other census tracts,23.32506203,76.67493797,high                                                                            ,24.11184082,more than 70.5223880597015% of other census tracts,70.52238806,29.47761194,40,less than 66.7910447761194% of other census tracts,33.20895522,66.79104478,322
17031230400,54,less than 56.8238213399504% of other census tracts,43.17617866,56.82382134,high                                                                            ,14.79592367,less than 80.3482587064677% of other census tracts,19.65174129,80.34825871,86,more than 60.4477611940299% of other census tracts,60.44776119,39.55223881,407
17031230500,57,less than 55.4590570719603% of other census tracts,44.54094293,55.45905707,highest                                                                         ,11.88872507,less than 91.4179104477612% of other census tracts,8.582089552,91.41791045,60,less than 53.7313432835821% of other census tracts,46.26865672,53.73134328,695
17031230600,514,more than 99.6277915632754% of other census tracts,99.62779156,0.3722084367,highest                                                                         ,10.77805334,less than 94.0298507462687% of other census tracts,5.970149254,94.02985075,498,more than 99.3781094527363% of other census tracts,99.37810945,0.6218905473,681
17031230700,175,more than 89.7022332506204% of other census tracts,89.70223325,10.29776675,high                                                                            ,18.36590838,less than 60.4477611940299% of other census tracts,39.55223881,60.44776119,213,more than 87.8109452736319% of other census tracts,87.81094527,12.18905473,470
17031230800,46,less than 64.0198511166253% of other census tracts,35.98014888,64.01985112,highest                                                                         ,13.54756605,less than 84.8258706467662% of other census tracts,15.17412935,84.82587065,83,more than 58.3333333333333% of other census tracts,58.33333333,41.66666667,503
17031230900,165,more than 87.8411910669975% of other census tracts,87.84119107,12.15880893,high                                                                            ,18.08463782,less than 62.8109452736318% of other census tracts,37.18905473,62.81094527,284,more than 93.1592039800995% of other census tracts,93.15920398,6.84079602,362
17031231100,40,less than 68.1141439205955% of other census tracts,31.88585608,68.11414392,highest                                                                         ,16.68243817,less than 71.6417910447761% of other census tracts,28.35820896,71.64179104,22,less than 82.2139303482587% of other census tracts,17.78606965,82.21393035,597
17031231200,80,more than 60.545905707196% of other census tracts,60.54590571,39.45409429,highest                                                                         ,24.6279661,more than 73.7562189054726% of other census tracts,73.75621891,26.24378109,92,more than 64.3034825870647% of other census tracts,64.30348259,35.69651741,537
17031231500,256,more than 96.1538461538462% of other census tracts,96.15384615,3.846153846,highest                                                                         ,26.30199638,more than 81.0945273631841% of other census tracts,81.09452736,18.90547264,94,more than 65.7960199004975% of other census tracts,65.7960199,34.2039801,525
17031240200,39,less than 69.106699751861% of other census tracts,30.89330025,69.10669975,medium                                                                          ,28.5416238,more than 88.681592039801% of other census tracts,88.68159204,11.31840796,47,less than 62.1890547263682% of other census tracts,37.81094527,62.18905473,137
17031240300,21,less than 85.9801488833747% of other census tracts,14.01985112,85.98014888,low                                                                             ,26.78718475,more than 83.5820895522388% of other census tracts,83.58208955,16.41791045,61,less than 52.7363184079602% of other census tracts,47.26368159,52.73631841,91
17031240500,30,less than 77.9156327543424% of other census tracts,22.08436725,77.91563275,low                                                                             ,25.83629385,more than 78.7313432835821% of other census tracts,78.73134328,21.26865672,61,less than 52.7363184079602% of other census tracts,47.26368159,52.73631841,76
17031240600,26,less than 81.7617866004963% of other census tracts,18.2382134,81.7617866,medium                                                                          ,20.25195413,more than 50.7462686567164% of other census tracts,50.74626866,49.25373134,65,less than 50.1243781094527% of other census tracts,49.87562189,50.12437811,222
17031240700,9,less than 95.409429280397% of other census tracts,4.59057072,95.40942928,high                                                                            ,22.2206711,more than 60.9452736318408% of other census tracts,60.94527363,39.05472637,37,less than 69.1542288557214% of other census tracts,30.84577114,69.15422886,289
17031240800,32,less than 75.8064516129032% of other census tracts,24.19354839,75.80645161,high                                                                            ,21.08959168,more than 54.9751243781095% of other census tracts,54.97512438,45.02487562,50,less than 59.9502487562189% of other census tracts,40.04975124,59.95024876,298
17031240900,218,more than 94.5409429280397% of other census tracts,94.54094293,5.459057072,medium                                                                          ,23.30397841,more than 66.1691542288557% of other census tracts,66.16915423,33.83084577,38,less than 68.5323383084577% of other census tracts,31.46766169,68.53233831,262
17031241000,61,less than 52.2332506203474% of other census tracts,47.76674938,52.23325062,high                                                                            ,20.21797583,more than 50.497512437811% of other census tracts,50.49751244,49.50248756,115,more than 72.3880597014925% of other census tracts,72.3880597,27.6119403,297
17031241100,107,more than 74.317617866005% of other census tracts,74.31761787,25.68238213,medium                                                                          ,26.07234591,more than 79.9751243781095% of other census tracts,79.97512438,20.02487562,145,more than 78.8557213930348% of other census tracts,78.85572139,21.14427861,217
17031241200,32,less than 75.8064516129032% of other census tracts,24.19354839,75.80645161,medium                                                                          ,22.5596816,more than 63.0597014925373% of other census tracts,63.05970149,36.94029851,55,less than 56.3432835820896% of other census tracts,43.65671642,56.34328358,191
17031241300,21,less than 85.9801488833747% of other census tracts,14.01985112,85.98014888,low                                                                             ,38.4697749,more than 98.134328358209% of other census tracts,98.13432836,1.865671642,36,less than 70.8955223880597% of other census tracts,29.10447761,70.89552239,31
17031241400,65,more than 50.9925558312655% of other census tracts,50.99255583,49.00744417,medium                                                                          ,28.29297042,more than 87.6865671641791% of other census tracts,87.68656716,12.31343284,145,more than 78.8557213930348% of other census tracts,78.85572139,21.14427861,133
17031241500,51,less than 59.8014888337469% of other census tracts,40.19851117,59.80148883,medium                                                                          ,16.25974713,less than 73.3830845771144% of other census tracts,26.61691542,73.38308458,110,more than 70.771144278607% of other census tracts,70.77114428,29.22885572,176
17031241600,23,less than 84.3672456575682% of other census tracts,15.63275434,84.36724566,medium                                                                          ,17.91774505,less than 64.1791044776119% of other census tracts,35.82089552,64.17910448,74,more than 53.9800995024876% of other census tracts,53.9800995,46.0199005,213
17031242000,29,less than 79.0322580645161% of other census tracts,20.96774194,79.03225806,high                                                                            ,16.07760322,less than 74.5024875621891% of other census tracts,25.49751244,74.50248756,77,more than 55.3482587064677% of other census tracts,55.34825871,44.65174129,273
17031242100,82,more than 61.6625310173697% of other census tracts,61.66253102,38.33746898,medium                                                                          ,21.88481874,more than 58.8308457711443% of other census tracts,58.83084577,41.16915423,161,more than 81.592039800995% of other census tracts,81.5920398,18.4079602,128
17031242200,35,less than 73.0769230769231% of other census tracts,26.92307692,73.07692308,low                                                                             ,26.40933378,more than 81.592039800995% of other census tracts,81.5920398,18.4079602,89,more than 62.6865671641791% of other census tracts,62.68656716,37.31343284,84
17031242300,39,less than 69.106699751861% of other census tracts,30.89330025,69.10669975,low                                                                             ,27.74817009,more than 86.4427860696518% of other census tracts,86.44278607,13.55721393,142,more than 77.9850746268657% of other census tracts,77.98507463,22.01492537,102
17031242400,38,less than 70.3473945409429% of other census tracts,29.65260546,70.34739454,medium                                                                          ,21.48088775,more than 56.7164179104478% of other census tracts,56.71641791,43.28358209,103,more than 68.407960199005% of other census tracts,68.4079602,31.5920398,154
17031242500,42,less than 66.5012406947891% of other census tracts,33.49875931,66.50124069,high                                                                            ,18.86375281,less than 56.9651741293532% of other census tracts,43.03482587,56.96517413,107,more than 70.0248756218906% of other census tracts,70.02487562,29.97512438,280
17031242600,107,more than 74.317617866005% of other census tracts,74.31761787,25.68238213,medium                                                                          ,22.54195101,more than 62.8109452736318% of other census tracts,62.81094527,37.18905473,192,more than 85.8208955223881% of other census tracts,85.82089552,14.17910448,214
17031242700,116,more than 77.4193548387097% of other census tracts,77.41935484,22.58064516,high                                                                            ,19.30926644,less than 54.228855721393% of other census tracts,45.77114428,54.22885572,130,more than 75.6218905472637% of other census tracts,75.62189055,24.37810945,300
17031242800,51,less than 59.8014888337469% of other census tracts,40.19851117,59.80148883,high                                                                            ,14.70996916,less than 80.7213930348259% of other census tracts,19.27860697,80.72139303,77,more than 55.3482587064677% of other census tracts,55.34825871,44.65174129,287
17031242900,74,more than 57.1960297766749% of other census tracts,57.19602978,42.80397022,medium                                                                          ,18.46610108,less than 59.5771144278607% of other census tracts,40.42288557,59.57711443,85,more than 59.8258706467662% of other census tracts,59.82587065,40.17412935,187
17031243000,41,less than 67.4937965260546% of other census tracts,32.50620347,67.49379653,medium                                                                          ,17.04125409,less than 69.4029850746269% of other census tracts,30.59701493,69.40298507,67,more than 51.1194029850746% of other census tracts,51.11940299,48.88059701,188
17031243100,59,less than 53.7220843672457% of other census tracts,46.27791563,53.72208437,medium                                                                          ,18.62042028,less than 58.7064676616915% of other census tracts,41.29353234,58.70646766,85,more than 59.8258706467662% of other census tracts,59.82587065,40.17412935,226
17031243200,53,less than 58.560794044665% of other census tracts,41.43920596,58.56079404,medium                                                                          ,18.30367245,less than 60.9452736318408% of other census tracts,39.05472637,60.94527363,62,less than 51.865671641791% of other census tracts,48.13432836,51.86567164,172
17031243300,67,more than 52.1091811414392% of other census tracts,52.10918114,47.89081886,medium                                                                          ,16.16857321,less than 74.0049751243781% of other census tracts,25.99502488,74.00497512,67,more than 51.1194029850746% of other census tracts,51.11940299,48.88059701,204
17031243400,42,less than 66.5012406947891% of other census tracts,33.49875931,66.50124069,medium                                                                          ,16.46121495,less than 72.636815920398% of other census tracts,27.36318408,72.63681592,79,more than 56.2189054726368% of other census tracts,56.21890547,43.78109453,267
17031243500,38,less than 70.3473945409429% of other census tracts,29.65260546,70.34739454,medium                                                                          ,14.99621073,less than 79.6019900497512% of other census tracts,20.39800995,79.60199005,47,less than 62.1890547263682% of other census tracts,37.81094527,62.18905473,215
17031250200,38,less than 70.3473945409429% of other census tracts,29.65260546,70.34739454,highest                                                                         ,15.19798928,less than 78.3582089552239% of other census tracts,21.64179104,78.35820896,34,less than 72.2636815920398% of other census tracts,27.73631841,72.26368159,622
17031250300,19,less than 87.9652605459057% of other census tracts,12.03473945,87.96526055,highest                                                                         ,18.85556338,less than 57.089552238806% of other census tracts,42.91044776,57.08955224,10,less than 93.407960199005% of other census tracts,6.592039801,93.4079602,649
17031250400,144,more than 84.863523573201% of other census tracts,84.86352357,15.13647643,highest                                                                         ,15.93316695,less than 75.3731343283582% of other census tracts,24.62686567,75.37313433,55,less than 56.3432835820896% of other census tracts,43.65671642,56.34328358,646
17031250500,288,more than 97.5186104218362% of other census tracts,97.51861042,2.481389578,high                                                                            ,21.90561178,more than 59.2039800995025% of other census tracts,59.2039801,40.7960199,292,more than 93.5323383084577% of other census tracts,93.53233831,6.467661692,370
17031250600,33,less than 74.317617866005% of other census tracts,25.68238213,74.31761787,highest                                                                         ,15.94019391,less than 75.2487562189055% of other census tracts,24.75124378,75.24875622,43,less than 65.2985074626866% of other census tracts,34.70149254,65.29850746,726
17031250700,47,less than 63.3995037220844% of other census tracts,36.60049628,63.39950372,highest                                                                         ,17.92307109,less than 63.9303482587065% of other census tracts,36.06965174,63.93034826,26,less than 78.4825870646766% of other census tracts,21.51741294,78.48258706,696
17031250800,69,more than 54.2183622828784% of other census tracts,54.21836228,45.78163772,highest                                                                         ,17.57600636,less than 65.9203980099503% of other census tracts,34.07960199,65.92039801,37,less than 69.1542288557214% of other census tracts,30.84577114,69.15422886,663
17031251000,23,less than 84.3672456575682% of other census tracts,15.63275434,84.36724566,highest                                                                         ,11.93213672,less than 91.1691542288557% of other census tracts,8.830845771,91.16915423,2,less than 98.0099502487562% of other census tracts,1.990049751,98.00995025,762
17031251100,88,more than 64.7642679900745% of other census tracts,64.76426799,35.23573201,highest                                                                         ,20.9692479,more than 54.4776119402985% of other census tracts,54.47761194,45.52238806,105,more than 69.4029850746269% of other census tracts,69.40298507,30.59701493,756
17031251200,40,less than 68.1141439205955% of other census tracts,31.88585608,68.11414392,highest                                                                         ,26.43807248,more than 81.8407960199005% of other census tracts,81.84079602,18.15920398,37,less than 69.1542288557214% of other census tracts,30.84577114,69.15422886,613
17031251300,54,less than 56.8238213399504% of other census tracts,43.17617866,56.82382134,highest                                                                         ,23.27615436,more than 66.044776119403% of other census tracts,66.04477612,33.95522388,40,less than 66.7910447761194% of other census tracts,33.20895522,66.79104478,684
17031251400,74,more than 57.1960297766749% of other census tracts,57.19602978,42.80397022,highest                                                                         ,25.43082085,more than 76.865671641791% of other census tracts,76.86567164,23.13432836,64,less than 51.1194029850746% of other census tracts,48.88059701,51.11940299,538
17031251500,71,more than 54.7146401985112% of other census tracts,54.7146402,45.2853598,highest                                                                         ,27.25266315,more than 84.9502487562189% of other census tracts,84.95024876,15.04975124,37,less than 69.1542288557214% of other census tracts,30.84577114,69.15422886,653
17031251600,33,less than 74.317617866005% of other census tracts,25.68238213,74.31761787,highest                                                                         ,27.30302024,more than 85.3233830845771% of other census tracts,85.32338308,14.67661692,20,less than 83.955223880597% of other census tracts,16.04477612,83.95522388,676
17031251700,24,less than 83.6228287841191% of other census tracts,16.37717122,83.62282878,high                                                                            ,19.66779597,less than 52.363184079602% of other census tracts,47.63681592,52.36318408,12,less than 91.2935323383085% of other census tracts,8.706467662,91.29353234,459
17031251800,64,more than 50.3722084367246% of other census tracts,50.37220844,49.62779156,highest                                                                         ,18.05540706,less than 62.9353233830846% of other census tracts,37.06467662,62.93532338,53,less than 57.8358208955224% of other census tracts,42.1641791,57.8358209,778
17031251900,62,less than 51.4888337468983% of other census tracts,48.51116625,51.48883375,highest                                                                         ,22.77107984,more than 63.8059701492537% of other census tracts,63.80597015,36.19402985,20,less than 83.955223880597% of other census tracts,16.04477612,83.95522388,673
17031252000,98,more than 69.8511166253102% of other census tracts,69.85111663,30.14888337,highest                                                                         ,24.42865078,more than 72.2636815920398% of other census tracts,72.26368159,27.73631841,59,less than 54.6019900497512% of other census tracts,45.39800995,54.60199005,654
17031252101,51,less than 59.8014888337469% of other census tracts,40.19851117,59.80148883,highest                                                                         ,25.10515659,more than 75.4975124378109% of other census tracts,75.49751244,24.50248756,32,less than 73.7562189054726% of other census tracts,26.24378109,73.75621891,640
17031252102,116,more than 77.4193548387097% of other census tracts,77.41935484,22.58064516,highest                                                                         ,16.89897753,less than 69.7761194029851% of other census tracts,30.2238806,69.7761194,27,less than 77.4875621890547% of other census tracts,22.51243781,77.48756219,700
17031252201,65,more than 50.9925558312655% of other census tracts,50.99255583,49.00744417,highest                                                                         ,18.11810833,less than 62.5621890547264% of other census tracts,37.43781095,62.56218905,17,less than 87.0646766169154% of other census tracts,12.93532338,87.06467662,730
17031252202,17,less than 89.454094292804% of other census tracts,10.54590571,89.45409429,highest                                                                         ,18.25982612,less than 61.4427860696517% of other census tracts,38.55721393,61.44278607,13,less than 90.2985074626866% of other census tracts,9.701492537,90.29850746,787
17031260100,11,less than 93.7965260545906% of other census tracts,6.203473945,93.79652605,highest                                                                         ,12.95798115,less than 86.6915422885572% of other census tracts,13.30845771,86.69154229,7,less than 95.771144278607% of other census tracts,4.228855721,95.77114428,769
17031260200,62,less than 51.4888337468983% of other census tracts,48.51116625,51.48883375,highest                                                                         ,16.60199637,less than 71.8905472636816% of other census tracts,28.10945274,71.89054726,52,less than 58.3333333333333% of other census tracts,41.66666667,58.33333333,740
17031260300,52,less than 59.3052109181141% of other census tracts,40.69478908,59.30521092,highest                                                                         ,18.91260651,less than 56.2189054726368% of other census tracts,43.78109453,56.21890547,32,less than 73.7562189054726% of other census tracts,26.24378109,73.75621891,735
17031260400,74,more than 57.1960297766749% of other census tracts,57.19602978,42.80397022,highest                                                                         ,15.59941186,less than 76.3681592039801% of other census tracts,23.6318408,76.3681592,30,less than 75.2487562189055% of other census tracts,24.75124378,75.24875622,796
17031260500,24,less than 83.6228287841191% of other census tracts,16.37717122,83.62282878,highest                                                                         ,16.34918383,less than 73.0099502487562% of other census tracts,26.99004975,73.00995025,21,less than 83.2089552238806% of other census tracts,16.79104478,83.20895522,780
17031260600,20,less than 87.3449131513648% of other census tracts,12.65508685,87.34491315,highest                                                                         ,18.56492345,less than 58.955223880597% of other census tracts,41.04477612,58.95522388,24,less than 80.8457711442786% of other census tracts,19.15422886,80.84577114,793
17031260700,21,less than 85.9801488833747% of other census tracts,14.01985112,85.98014888,highest                                                                         ,20.40413086,more than 51.6169154228856% of other census tracts,51.61691542,48.38308458,37,less than 69.1542288557214% of other census tracts,30.84577114,69.15422886,747
17031260800,19,less than 87.9652605459057% of other census tracts,12.03473945,87.96526055,highest                                                                         ,15.75423305,less than 75.7462686567164% of other census tracts,24.25373134,75.74626866,24,less than 80.8457711442786% of other census tracts,19.15422886,80.84577114,761
17031260900,105,more than 73.0769230769231% of other census tracts,73.07692308,26.92307692,highest                                                                         ,22.12879131,more than 60.3233830845771% of other census tracts,60.32338308,39.67661692,99,more than 66.9154228855721% of other census tracts,66.91542289,33.08457711,651
17031261000,202,more than 93.7965260545906% of other census tracts,93.79652605,6.203473945,highest                                                                         ,21.14270382,more than 55.4726368159204% of other census tracts,55.47263682,44.52736318,257,more than 91.1691542288557% of other census tracts,91.16915423,8.830845771,644
17031270500,81,more than 61.166253101737% of other census tracts,61.1662531,38.8337469,highest                                                                         ,23.34848466,more than 66.2935323383085% of other census tracts,66.29353234,33.70646766,60,less than 53.7313432835821% of other census tracts,46.26865672,53.73134328,714
17031271200,95,more than 67.9900744416873% of other census tracts,67.99007444,32.00992556,highest                                                                         ,17.42946868,less than 67.0398009950249% of other census tracts,32.960199,67.039801,2,less than 98.0099502487562% of other census tracts,1.990049751,98.00995025,656
17031271300,37,less than 71.712158808933% of other census tracts,28.28784119,71.71215881,highest                                                                         ,12.75341537,less than 87.6865671641791% of other census tracts,12.31343284,87.68656716,4,less than 97.5124378109453% of other census tracts,2.487562189,97.51243781,800
17031271400,57,less than 55.4590570719603% of other census tracts,44.54094293,55.45905707,highest                                                                         ,14.70294659,less than 80.9701492537314% of other census tracts,19.02985075,80.97014925,45,less than 63.5572139303483% of other census tracts,36.44278607,63.55721393,742
17031271500,76,more than 58.1885856079405% of other census tracts,58.18858561,41.81141439,highest                                                                         ,18.45854686,less than 59.8258706467662% of other census tracts,40.17412935,59.82587065,85,more than 59.8258706467662% of other census tracts,59.82587065,40.17412935,593
17031271800,87,more than 63.8957816377171% of other census tracts,63.89578164,36.10421836,highest                                                                         ,23.75075444,more than 68.7810945273632% of other census tracts,68.78109453,31.21890547,77,more than 55.3482587064677% of other census tracts,55.34825871,44.65174129,721
17031280100,30,less than 77.9156327543424% of other census tracts,22.08436725,77.91563275,medium                                                                          ,10.49328621,less than 95.273631840796% of other census tracts,4.726368159,95.27363184,11,less than 92.2885572139304% of other census tracts,7.711442786,92.28855721,163
17031280400,133,more than 82.258064516129% of other census tracts,82.25806452,17.74193548,highest                                                                         ,10.493845,less than 95.1492537313433% of other census tracts,4.850746269,95.14925373,82,more than 57.8358208955224% of other census tracts,57.8358209,42.1641791,785
17031280800,24,less than 83.6228287841191% of other census tracts,16.37717122,83.62282878,highest                                                                         ,8.471624315,less than 98.8805970149254% of other census tracts,1.119402985,98.88059701,10,less than 93.407960199005% of other census tracts,6.592039801,93.4079602,760
17031280900,31,less than 76.6749379652605% of other census tracts,23.32506203,76.67493797,highest                                                                         ,10.26178587,less than 96.0199004975124% of other census tracts,3.980099502,96.0199005,38,less than 68.5323383084577% of other census tracts,31.46766169,68.53233831,773
17031281900,22,less than 85.3598014888338% of other census tracts,14.64019851,85.35980149,medium                                                                          ,9.314796083,less than 97.7611940298507% of other census tracts,2.23880597,97.76119403,7,less than 95.771144278607% of other census tracts,4.228855721,95.77114428,196
17031282700,21,less than 85.9801488833747% of other census tracts,14.01985112,85.98014888,high                                                                            ,10.91872344,less than 93.6567164179105% of other census tracts,6.343283582,93.65671642,25,less than 79.4776119402985% of other census tracts,20.52238806,79.47761194,457
17031282800,10,less than 94.5409429280397% of other census tracts,5.459057072,94.54094293,medium                                                                          ,21.56053949,more than 57.2139303482587% of other census tracts,57.21393035,42.78606965,21,less than 83.2089552238806% of other census tracts,16.79104478,83.20895522,254
17031283100,26,less than 81.7617866004963% of other census tracts,18.2382134,81.7617866,high                                                                            ,29.47756107,more than 90.2985074626866% of other census tracts,90.29850746,9.701492537,6,less than 96.1442786069652% of other census tracts,3.855721393,96.14427861,330
17031283200,22,less than 85.3598014888338% of other census tracts,14.64019851,85.35980149,medium                                                                          ,29.79060106,more than 90.4228855721393% of other census tracts,90.42288557,9.577114428,14,less than 89.3034825870647% of other census tracts,10.69651741,89.30348259,256
17031283800,73,more than 55.8312655086849% of other census tracts,55.83126551,44.16873449,high                                                                            ,20.65781396,more than 53.2338308457711% of other census tracts,53.23383085,46.76616915,15,less than 88.681592039801% of other census tracts,11.31840796,88.68159204,398
17031290900,384,more than 99.2555831265509% of other census tracts,99.25558313,0.7444168734,highest                                                                         ,18.94291343,less than 55.9701492537313% of other census tracts,44.02985075,55.97014925,390,more than 96.8905472636816% of other census tracts,96.89054726,3.109452736,739
17031291200,183,more than 90.818858560794% of other census tracts,90.81885856,9.181141439,highest                                                                         ,15.63966554,less than 75.9950248756219% of other census tracts,24.00497512,75.99502488,197,more than 85.9452736318408% of other census tracts,85.94527363,14.05472637,767
17031291600,27,less than 80.6451612903226% of other census tracts,19.35483871,80.64516129,highest                                                                         ,11.58364273,less than 92.6616915422886% of other census tracts,7.338308458,92.66169154,51,less than 59.3283582089552% of other census tracts,40.67164179,59.32835821,588
17031292200,147,more than 85.4838709677419% of other census tracts,85.48387097,14.51612903,highest                                                                         ,20.92443437,more than 54.228855721393% of other census tracts,54.22885572,45.77114428,302,more than 94.1542288557214% of other census tracts,94.15422886,5.845771144,629
17031292400,172,more than 89.5781637717122% of other census tracts,89.57816377,10.42183623,highest                                                                         ,17.88161989,less than 64.5522388059702% of other census tracts,35.44776119,64.55223881,237,more than 89.8009950248756% of other census tracts,89.80099502,10.19900498,625
17031292500,200,more than 93.5483870967742% of other census tracts,93.5483871,6.451612903,highest                                                                         ,12.34626835,less than 89.9253731343284% of other census tracts,10.07462687,89.92537313,87,more than 61.4427860696517% of other census tracts,61.44278607,38.55721393,763
17031300500,68,more than 53.1017369727047% of other census tracts,53.10173697,46.89826303,highest                                                                         ,17.52875709,less than 66.1691542288557% of other census tracts,33.83084577,66.16915423,111,more than 71.0199004975124% of other census tracts,71.0199005,28.9800995,523
17031300600,78,more than 59.5533498759305% of other census tracts,59.55334988,40.44665012,highest                                                                         ,20.80552287,more than 53.8557213930348% of other census tracts,53.85572139,46.14427861,82,more than 57.8358208955224% of other census tracts,57.8358209,42.1641791,504
17031300700,197,more than 93.424317617866% of other census tracts,93.42431762,6.575682382,high                                                                            ,21.14800422,more than 55.5970149253731% of other census tracts,55.59701493,44.40298507,255,more than 91.044776119403% of other census tracts,91.04477612,8.955223881,484
17031300800,150,more than 86.1042183622829% of other census tracts,86.10421836,13.89578164,highest                                                                         ,16.04093345,less than 74.7512437810945% of other census tracts,25.24875622,74.75124378,156,more than 80.7213930348259% of other census tracts,80.72139303,19.27860697,633
17031300900,150,more than 86.1042183622829% of other census tracts,86.10421836,13.89578164,highest                                                                         ,14.78347558,less than 80.4726368159204% of other census tracts,19.52736318,80.47263682,269,more than 92.0398009950249% of other census tracts,92.039801,7.960199005,666
17031301100,75,more than 57.5682382133995% of other census tracts,57.56823821,42.43176179,high                                                                            ,21.96662859,more than 59.5771144278607% of other census tracts,59.57711443,40.42288557,59,less than 54.6019900497512% of other census tracts,45.39800995,54.60199005,455
17031301200,106,more than 73.8213399503722% of other census tracts,73.82133995,26.17866005,highest                                                                         ,16.79440338,less than 70.8955223880597% of other census tracts,29.10447761,70.89552239,47,less than 62.1890547263682% of other census tracts,37.81094527,62.18905473,608
17031301600,100,more than 70.8436724565757% of other census tracts,70.84367246,29.15632754,highest                                                                         ,20.40415198,more than 51.7412935323383% of other census tracts,51.74129353,48.25870647,235,more than 89.5522388059702% of other census tracts,89.55223881,10.44776119,581
17031301701,147,more than 85.4838709677419% of other census tracts,85.48387097,14.51612903,highest                                                                         ,17.59582258,less than 65.547263681592% of other census tracts,34.45273632,65.54726368,189,more than 85.4477611940299% of other census tracts,85.44776119,14.55223881,515
17031301702,70,more than 54.4665012406948% of other census tracts,54.46650124,45.53349876,high                                                                            ,22.27288623,more than 61.1940298507463% of other census tracts,61.19402985,38.80597015,134,more than 76.7412935323383% of other census tracts,76.74129353,23.25870647,466
17031301801,46,less than 64.0198511166253% of other census tracts,35.98014888,64.01985112,highest                                                                         ,13.50855878,less than 85.1990049751244% of other census tracts,14.80099502,85.19900498,87,more than 61.4427860696517% of other census tracts,61.44278607,38.55721393,577
17031301802,96,more than 68.7344913151365% of other census tracts,68.73449132,31.26550868,highest                                                                         ,20.47315316,more than 52.2388059701493% of other census tracts,52.23880597,47.76119403,171,more than 83.4577114427861% of other census tracts,83.45771144,16.54228856,529
17031301803,94,more than 67.6178660049628% of other census tracts,67.617866,32.382134,high                                                                            ,22.07402481,more than 59.9502487562189% of other census tracts,59.95024876,40.04975124,236,more than 89.6766169154229% of other census tracts,89.67661692,10.32338308,438
17031310200,66,more than 51.4888337468983% of other census tracts,51.48883375,48.51116625,high                                                                            ,15.46953468,less than 77.2388059701493% of other census tracts,22.76119403,77.23880597,21,less than 83.2089552238806% of other census tracts,16.79104478,83.20895522,346
17031310300,54,less than 56.8238213399504% of other census tracts,43.17617866,56.82382134,high                                                                            ,16.16181265,less than 74.1293532338308% of other census tracts,25.87064677,74.12935323,70,more than 52.8606965174129% of other census tracts,52.86069652,47.13930348,406
17031310400,16,less than 89.9503722084367% of other census tracts,10.04962779,89.95037221,high                                                                            ,12.59011744,less than 88.5572139303483% of other census tracts,11.44278607,88.55721393,9,less than 94.0298507462687% of other census tracts,5.970149254,94.02985075,334
17031310500,24,less than 83.6228287841191% of other census tracts,16.37717122,83.62282878,high                                                                            ,16.79392955,less than 71.0199004975124% of other census tracts,28.9800995,71.0199005,28,less than 76.6169154228856% of other census tracts,23.38308458,76.61691542,395
17031310600,96,more than 68.7344913151365% of other census tracts,68.73449132,31.26550868,high                                                                            ,12.88383996,less than 87.3134328358209% of other census tracts,12.68656716,87.31343284,164,more than 82.3383084577114% of other census tracts,82.33830846,17.66169154,445
17031310700,38,less than 70.3473945409429% of other census tracts,29.65260546,70.34739454,highest                                                                         ,11.60158644,less than 92.5373134328358% of other census tracts,7.462686567,92.53731343,58,less than 55.4726368159204% of other census tracts,44.52736318,55.47263682,497
17031310800,64,more than 50.3722084367246% of other census tracts,50.37220844,49.62779156,high                                                                            ,14.11650487,less than 83.8308457711443% of other census tracts,16.16915423,83.83084577,122,more than 73.7562189054726% of other census tracts,73.75621891,26.24378109,421
17031310900,63,less than 50.2481389578164% of other census tracts,49.75186104,50.24813896,highest                                                                         ,15.61645625,less than 76.2437810945274% of other census tracts,23.75621891,76.24378109,104,more than 68.9054726368159% of other census tracts,68.90547264,31.09452736,510
17031320100,10,less than 94.5409429280397% of other census tracts,5.459057072,94.54094293,low                                                                             ,16.79468991,less than 70.771144278607% of other census tracts,29.22885572,70.77114428,8,less than 94.7761194029851% of other census tracts,5.223880597,94.7761194,15
17031320400,9,less than 95.409429280397% of other census tracts,4.59057072,95.40942928,medium                                                                          ,22.97288277,more than 64.6766169154229% of other census tracts,64.67661692,35.32338308,16,less than 87.8109452736319% of other census tracts,12.18905473,87.81094527,200
17031320600,9,less than 95.409429280397% of other census tracts,4.59057072,95.40942928,medium                                                                          ,21.52461042,more than 56.9651741293532% of other census tracts,56.96517413,43.03482587,25,less than 79.4776119402985% of other census tracts,20.52238806,79.47761194,144
17031330100,97,more than 69.3548387096774% of other census tracts,69.35483871,30.64516129,medium                                                                          ,12.86801366,less than 87.4378109452736% of other census tracts,12.56218905,87.43781095,69,more than 52.1144278606965% of other census tracts,52.11442786,47.88557214,123
17031330200,80,more than 60.545905707196% of other census tracts,60.54590571,39.45409429,high                                                                            ,17.53779476,less than 66.044776119403% of other census tracts,33.95522388,66.04477612,52,less than 58.3333333333333% of other census tracts,41.66666667,58.33333333,286
17031340300,38,less than 70.3473945409429% of other census tracts,29.65260546,70.34739454,high                                                                            ,14.26538903,less than 82.9601990049751% of other census tracts,17.039801,82.960199,66,more than 50.3731343283582% of other census tracts,50.37313433,49.62686567,414
17031340400,23,less than 84.3672456575682% of other census tracts,15.63275434,84.36724566,high                                                                            ,11.22291771,less than 93.5323383084577% of other census tracts,6.467661692,93.53233831,52,less than 58.3333333333333% of other census tracts,41.66666667,58.33333333,347
17031340500,63,less than 50.2481389578164% of other census tracts,49.75186104,50.24813896,high                                                                            ,13.46226639,less than 85.3233830845771% of other census tracts,14.67661692,85.32338308,129,more than 75.2487562189055% of other census tracts,75.24875622,24.75124378,456
17031340600,35,less than 73.0769230769231% of other census tracts,26.92307692,73.07692308,highest                                                                         ,10.25956623,less than 96.1442786069652% of other census tracts,3.855721393,96.14427861,19,less than 85.3233830845771% of other census tracts,14.67661692,85.32338308,804
17031350100,15,less than 90.6947890818859% of other census tracts,9.305210918,90.69478908,medium                                                                          ,19.25365629,less than 54.4776119402985% of other census tracts,45.52238806,54.47761194,0,less than 98.7562189054726% of other census tracts,1.243781095,98.75621891,201
17031350400,39,less than 69.106699751861% of other census tracts,30.89330025,69.10669975,highest                                                                         ,20.29635774,more than 50.9950248756219% of other census tracts,50.99502488,49.00497512,13,less than 90.2985074626866% of other census tracts,9.701492537,90.29850746,792
17031351000,36,less than 72.3325062034739% of other census tracts,27.6674938,72.3325062,medium                                                                          ,26.7447059,more than 83.2089552238806% of other census tracts,83.20895522,16.79104478,11,less than 92.2885572139304% of other census tracts,7.711442786,92.28855721,244
17031351100,158,more than 86.9727047146402% of other census tracts,86.97270471,13.02729529,highest                                                                         ,13.00697847,less than 86.318407960199% of other census tracts,13.68159204,86.31840796,14,less than 89.3034825870647% of other census tracts,10.69651741,89.30348259,802
17031351400,132,more than 81.6377171215881% of other census tracts,81.63771712,18.36228288,highest                                                                         ,18.7459947,less than 58.4577114427861% of other census tracts,41.54228856,58.45771144,15,less than 88.681592039801% of other census tracts,11.31840796,88.68159204,722
17031351500,2,less than 99.0074441687345% of other census tracts,0.9925558313,99.00744417,highest                                                                         ,8.614352245,less than 98.6318407960199% of other census tracts,1.368159204,98.6318408,2,less than 98.0099502487562% of other census tracts,1.990049751,98.00995025,715
17031360200,93,more than 67.12158808933% of other census tracts,67.12158809,32.87841191,highest                                                                         ,13.63958442,less than 84.7014925373134% of other census tracts,15.29850746,84.70149254,9,less than 94.0298507462687% of other census tracts,5.970149254,94.02985075,770
17031380100,86,more than 63.3995037220844% of other census tracts,63.39950372,36.60049628,highest                                                                         ,20.08121766,more than 50% of other census tracts,50,50,49,less than 60.5721393034826% of other census tracts,39.4278607,60.5721393,585
17031380200,103,more than 71.712158808933% of other census tracts,71.71215881,28.28784119,high                                                                            ,19.55973478,less than 53.1094527363184% of other census tracts,46.89054726,53.10945274,13,less than 90.2985074626866% of other census tracts,9.701492537,90.29850746,412
17031380500,6,less than 97.5186104218362% of other census tracts,2.481389578,97.51861042,highest                                                                         ,19.35942067,less than 53.9800995024876% of other census tracts,46.0199005,53.9800995,3,less than 97.636815920398% of other census tracts,2.36318408,97.63681592,513
17031380700,98,more than 69.8511166253102% of other census tracts,69.85111663,30.14888337,high                                                                            ,15.58025451,less than 76.6169154228856% of other census tracts,23.38308458,76.61691542,27,less than 77.4875621890547% of other census tracts,22.51243781,77.48756219,343
17031381200,120,more than 78.7841191066998% of other census tracts,78.78411911,21.21588089,high                                                                            ,17.71290196,less than 65.1741293532338% of other census tracts,34.82587065,65.17412935,54,less than 56.9651741293532% of other census tracts,43.03482587,56.96517413,386
17031381400,119,more than 78.4119106699752% of other census tracts,78.41191067,21.58808933,highest                                                                         ,13.32598981,less than 85.6965174129353% of other census tracts,14.30348259,85.69651741,45,less than 63.5572139303483% of other census tracts,36.44278607,63.55721393,648
17031381500,20,less than 87.3449131513648% of other census tracts,12.65508685,87.34491315,highest                                                                         ,10.54871087,less than 94.7761194029851% of other census tracts,5.223880597,94.7761194,9,less than 94.0298507462687% of other census tracts,5.970149254,94.02985075,788
17031381700,144,more than 84.863523573201% of other census tracts,84.86352357,15.13647643,lowest                                                                          ,10.03504246,less than 96.6417910447761% of other census tracts,3.358208955,96.64179104,6,less than 96.1442786069652% of other census tracts,3.855721393,96.14427861,10
17031381800,110,more than 75.8064516129032% of other census tracts,75.80645161,24.19354839,highest                                                                         ,17.73457943,less than 65.0497512437811% of other census tracts,34.95024876,65.04975124,25,less than 79.4776119402985% of other census tracts,20.52238806,79.47761194,524
17031381900,69,more than 54.2183622828784% of other census tracts,54.21836228,45.78163772,high                                                                            ,17.4115512,less than 67.2885572139304% of other census tracts,32.71144279,67.28855721,17,less than 87.0646766169154% of other census tracts,12.93532338,87.06467662,429
17031390100,11,less than 93.7965260545906% of other census tracts,6.203473945,93.79652605,high                                                                            ,20.07625772,less than 50.1243781094527% of other census tracts,49.87562189,50.12437811,6,less than 96.1442786069652% of other census tracts,3.855721393,96.14427861,367
17031390200,68,more than 53.1017369727047% of other census tracts,53.10173697,46.89826303,high                                                                            ,21.4744675,more than 56.592039800995% of other census tracts,56.5920398,43.4079602,39,less than 67.6616915422886% of other census tracts,32.33830846,67.66169154,335
17031390300,69,more than 54.2183622828784% of other census tracts,54.21836228,45.78163772,highest                                                                         ,21.10073071,more than 55.0995024875622% of other census tracts,55.09950249,44.90049751,33,less than 73.2587064676617% of other census tracts,26.74129353,73.25870647,534
17031390400,31,less than 76.6749379652605% of other census tracts,23.32506203,76.67493797,high                                                                            ,27.31905182,more than 85.4477611940299% of other census tracts,85.44776119,14.55223881,15,less than 88.681592039801% of other census tracts,11.31840796,88.68159204,384
17031390500,8,less than 96.5260545905707% of other census tracts,3.473945409,96.52605459,medium                                                                          ,43.58981438,more than 99.3781094527363% of other census tracts,99.37810945,0.6218905473,13,less than 90.2985074626866% of other census tracts,9.701492537,90.29850746,161
17031390600,19,less than 87.9652605459057% of other census tracts,12.03473945,87.96526055,medium                                                                          ,41.91756628,more than 98.7562189054726% of other census tracts,98.75621891,1.243781095,27,less than 77.4875621890547% of other census tracts,22.51243781,77.48756219,139
17031390700,10,less than 94.5409429280397% of other census tracts,5.459057072,94.54094293,medium                                                                          ,25.76176836,more than 77.9850746268657% of other census tracts,77.98507463,22.01492537,21,less than 83.2089552238806% of other census tracts,16.79104478,83.20895522,221
17031400300,187,more than 91.6873449131514% of other census tracts,91.68734491,8.312655087,high                                                                            ,28.21055489,more than 87.5621890547264% of other census tracts,87.56218905,12.43781095,36,less than 70.8955223880597% of other census tracts,29.10447761,70.89552239,460
17031400400,126,more than 79.9007444168735% of other census tracts,79.90074442,20.09925558,highest                                                                         ,16.42436035,less than 72.8855721393035% of other census tracts,27.11442786,72.88557214,21,less than 83.2089552238806% of other census tracts,16.79104478,83.20895522,741
17031400500,61,less than 52.2332506203474% of other census tracts,47.76674938,52.23325062,highest                                                                         ,19.41625016,less than 53.6069651741294% of other census tracts,46.39303483,53.60696517,11,less than 92.2885572139304% of other census tracts,7.711442786,92.28855721,638
17031400800,226,more than 95.0372208436725% of other census tracts,95.03722084,4.962779156,highest                                                                         ,14.91237069,less than 79.9751243781095% of other census tracts,20.02487562,79.97512438,85,more than 59.8258706467662% of other census tracts,59.82587065,40.17412935,799
17031410100,16,less than 89.9503722084367% of other census tracts,10.04962779,89.95037221,medium                                                                          ,26.20473564,more than 80.7213930348259% of other census tracts,80.72139303,19.27860697,14,less than 89.3034825870647% of other census tracts,10.69651741,89.30348259,225
17031410200,1,less than 99.5037220843672% of other census tracts,0.4962779156,99.50372208,medium                                                                          ,35.67675782,more than 97.3880597014925% of other census tracts,97.3880597,2.611940299,5,less than 97.2636815920398% of other census tracts,2.736318408,97.26368159,152
17031410500,12,less than 93.5483870967742% of other census tracts,6.451612903,93.5483871,high                                                                            ,24.00296569,more than 69.9004975124378% of other census tracts,69.90049751,30.09950249,20,less than 83.955223880597% of other census tracts,16.04477612,83.95522388,319
17031410600,21,less than 85.9801488833747% of other census tracts,14.01985112,85.98014888,medium                                                                          ,35.90013539,more than 97.5124378109453% of other census tracts,97.51243781,2.487562189,29,less than 76.3681592039801% of other census tracts,23.6318408,76.3681592,185
17031410700,22,less than 85.3598014888338% of other census tracts,14.64019851,85.35980149,medium                                                                          ,32.27052464,more than 94.4029850746269% of other census tracts,94.40298507,5.597014925,52,less than 58.3333333333333% of other census tracts,41.66666667,58.33333333,211
17031410800,30,less than 77.9156327543424% of other census tracts,22.08436725,77.91563275,medium                                                                          ,25.02473531,more than 75.1243781094527% of other census tracts,75.12437811,24.87562189,48,less than 61.318407960199% of other census tracts,38.68159204,61.31840796,232
17031410900,27,less than 80.6451612903226% of other census tracts,19.35483871,80.64516129,medium                                                                          ,27.00841746,more than 84.2039800995025% of other census tracts,84.2039801,15.7960199,42,less than 65.9203980099503% of other census tracts,34.07960199,65.92039801,162
17031411000,28,less than 79.6526054590571% of other census tracts,20.34739454,79.65260546,medium                                                                          ,23.81326531,more than 69.2786069651741% of other census tracts,69.27860697,30.72139303,20,less than 83.955223880597% of other census tracts,16.04477612,83.95522388,199
17031411100,13,less than 92.4317617866005% of other census tracts,7.568238213,92.43176179,low                                                                             ,34.0998136,more than 96.0199004975124% of other census tracts,96.0199005,3.980099502,69,more than 52.1144278606965% of other census tracts,52.11442786,47.88557214,98
17031411200,34,less than 73.9454094292804% of other census tracts,26.05459057,73.94540943,medium                                                                          ,33.72424214,more than 95.6467661691542% of other census tracts,95.64676617,4.353233831,95,more than 66.044776119403% of other census tracts,66.04477612,33.95522388,171
17031420100,14,less than 91.5632754342432% of other census tracts,8.436724566,91.56327543,high                                                                            ,24.48072151,more than 72.636815920398% of other census tracts,72.63681592,27.36318408,11,less than 92.2885572139304% of other census tracts,7.711442786,92.28855721,464
17031420200,81,more than 61.166253101737% of other census tracts,61.1662531,38.8337469,highest                                                                         ,16.05936066,less than 74.6268656716418% of other census tracts,25.37313433,74.62686567,25,less than 79.4776119402985% of other census tracts,20.52238806,79.47761194,530
17031420300,33,less than 74.317617866005% of other census tracts,25.68238213,74.31761787,high                                                                            ,18.53132371,less than 59.0796019900498% of other census tracts,40.92039801,59.07960199,37,less than 69.1542288557214% of other census tracts,30.84577114,69.15422886,418
17031420400,69,more than 54.2183622828784% of other census tracts,54.21836228,45.78163772,highest                                                                         ,14.60786885,less than 81.2189054726368% of other census tracts,18.78109453,81.21890547,16,less than 87.8109452736319% of other census tracts,12.18905473,87.81094527,579
17031420500,61,less than 52.2332506203474% of other census tracts,47.76674938,52.23325062,highest                                                                         ,16.84768878,less than 70.273631840796% of other census tracts,29.72636816,70.27363184,46,less than 62.5621890547264% of other census tracts,37.43781095,62.56218905,574
17031420600,57,less than 55.4590570719603% of other census tracts,44.54094293,55.45905707,highest                                                                         ,19.62996001,less than 52.7363184079602% of other census tracts,47.26368159,52.73631841,18,less than 85.8208955223881% of other census tracts,14.17910448,85.82089552,614
17031420700,132,more than 81.6377171215881% of other census tracts,81.63771712,18.36228288,highest                                                                         ,24.34498275,more than 71.5174129353234% of other census tracts,71.51741294,28.48258706,71,more than 52.9850746268657% of other census tracts,52.98507463,47.01492537,618
17031420800,46,less than 64.0198511166253% of other census tracts,35.98014888,64.01985112,highest                                                                         ,16.4880474,less than 72.5124378109453% of other census tracts,27.48756219,72.51243781,18,less than 85.8208955223881% of other census tracts,14.17910448,85.82089552,645
17031421200,138,more than 83.7468982630273% of other census tracts,83.74689826,16.25310174,highest                                                                         ,21.87865661,more than 58.7064676616915% of other census tracts,58.70646766,41.29353234,209,more than 87.5621890547264% of other census tracts,87.56218905,12.43781095,620
17031430101,25,less than 83.0024813895782% of other census tracts,16.99751861,83.00248139,high                                                                            ,19.07587536,less than 55.4726368159204% of other census tracts,44.52736318,55.47263682,37,less than 69.1542288557214% of other census tracts,30.84577114,69.15422886,434
17031430102,23,less than 84.3672456575682% of other census tracts,15.63275434,84.36724566,high                                                                            ,26.52127786,more than 82.089552238806% of other census tracts,82.08955224,17.91044776,20,less than 83.955223880597% of other census tracts,16.04477612,83.95522388,325
17031430200,36,less than 72.3325062034739% of other census tracts,27.6674938,72.3325062,high                                                                            ,31.27448794,more than 93.0348258706468% of other census tracts,93.03482587,6.965174129,37,less than 69.1542288557214% of other census tracts,30.84577114,69.15422886,420
17031430300,70,more than 54.4665012406948% of other census tracts,54.46650124,45.53349876,highest                                                                         ,22.94186829,more than 64.3034825870647% of other census tracts,64.30348259,35.69651741,18,less than 85.8208955223881% of other census tracts,14.17910448,85.82089552,659
17031430400,115,more than 76.7990074441687% of other census tracts,76.79900744,23.20099256,highest                                                                         ,24.51014692,more than 73.0099502487562% of other census tracts,73.00995025,26.99004975,60,less than 53.7313432835821% of other census tracts,46.26865672,53.73134328,564
17031430500,54,less than 56.8238213399504% of other census tracts,43.17617866,56.82382134,highest                                                                         ,18.63134166,less than 58.5820895522388% of other census tracts,41.41791045,58.58208955,48,less than 61.318407960199% of other census tracts,38.68159204,61.31840796,687
17031430600,21,less than 85.9801488833747% of other census tracts,14.01985112,85.98014888,high                                                                            ,21.20854352,more than 55.7213930348259% of other census tracts,55.72139303,44.27860697,25,less than 79.4776119402985% of other census tracts,20.52238806,79.47761194,451
17031430700,19,less than 87.9652605459057% of other census tracts,12.03473945,87.96526055,high                                                                            ,17.07744033,less than 69.0298507462687% of other census tracts,30.97014925,69.02985075,18,less than 85.8208955223881% of other census tracts,14.17910448,85.82089552,425
17031430800,19,less than 87.9652605459057% of other census tracts,12.03473945,87.96526055,high                                                                            ,22.4466634,more than 62.1890547263682% of other census tracts,62.18905473,37.81094527,24,less than 80.8457711442786% of other census tracts,19.15422886,80.84577114,379
17031430900,26,less than 81.7617866004963% of other census tracts,18.2382134,81.7617866,highest                                                                         ,22.76906063,more than 63.681592039801% of other census tracts,63.68159204,36.31840796,23,less than 81.8407960199005% of other census tracts,18.15920398,81.84079602,550
17031431200,34,less than 73.9454094292804% of other census tracts,26.05459057,73.94540943,high                                                                            ,26.36243644,more than 81.2189054726368% of other census tracts,81.21890547,18.78109453,36,less than 70.8955223880597% of other census tracts,29.10447761,70.89552239,357
17031431301,48,less than 62.7791563275434% of other census tracts,37.22084367,62.77915633,highest                                                                         ,25.07844654,more than 75.3731343283582% of other census tracts,75.37313433,24.62686567,34,less than 72.2636815920398% of other census tracts,27.73631841,72.26368159,493
17031431302,87,more than 63.8957816377171% of other census tracts,63.89578164,36.10421836,highest                                                                         ,21.50355632,more than 56.8407960199005% of other census tracts,56.84079602,43.15920398,30,less than 75.2487562189055% of other census tracts,24.75124378,75.24875622,580
17031431400,178,more than 90.3225806451613% of other census tracts,90.32258065,9.677419355,highest                                                                         ,22.07524718,more than 60.0746268656716% of other census tracts,60.07462687,39.92537313,180,more than 84.3283582089552% of other census tracts,84.32835821,15.67164179,535
17031440101,27,less than 80.6451612903226% of other census tracts,19.35483871,80.64516129,highest                                                                         ,19.14646172,less than 55.0995024875622% of other census tracts,44.90049751,55.09950249,24,less than 80.8457711442786% of other census tracts,19.15422886,80.84577114,748
17031440102,96,more than 68.7344913151365% of other census tracts,68.73449132,31.26550868,high                                                                            ,25.40325497,more than 76.7412935323383% of other census tracts,76.74129353,23.25870647,51,less than 59.3283582089552% of other census tracts,40.67164179,59.32835821,439
17031440201,132,more than 81.6377171215881% of other census tracts,81.63771712,18.36228288,highest                                                                         ,17.95246581,less than 63.681592039801% of other census tracts,36.31840796,63.68159204,101,more than 67.6616915422886% of other census tracts,67.66169154,32.33830846,562
17031440202,90,more than 66.2531017369727% of other census tracts,66.25310174,33.74689826,highest                                                                         ,24.52557111,more than 73.3830845771144% of other census tracts,73.38308458,26.61691542,72,more than 53.3582089552239% of other census tracts,53.35820896,46.64179104,512
17031440300,196,more than 93.0521091811415% of other census tracts,93.05210918,6.947890819,highest                                                                         ,20.98433225,more than 54.6019900497512% of other census tracts,54.60199005,45.39800995,207,more than 87.0646766169154% of other census tracts,87.06467662,12.93532338,518
17031440600,39,less than 69.106699751861% of other census tracts,30.89330025,69.10669975,highest                                                                         ,21.70050747,more than 57.9601990049751% of other census tracts,57.960199,42.039801,39,less than 67.6616915422886% of other census tracts,32.33830846,67.66169154,491
17031440700,18,less than 89.2059553349876% of other census tracts,10.79404467,89.20595533,highest                                                                         ,18.83883651,less than 57.4626865671642% of other census tracts,42.53731343,57.46268657,5,less than 97.2636815920398% of other census tracts,2.736318408,97.26368159,587
17031440800,79,more than 60.0496277915633% of other census tracts,60.04962779,39.95037221,highest                                                                         ,22.8404202,more than 64.0547263681592% of other census tracts,64.05472637,35.94527363,31,less than 74.8756218905473% of other census tracts,25.12437811,74.87562189,716
17031440900,40,less than 68.1141439205955% of other census tracts,31.88585608,68.11414392,highest                                                                         ,25.48545875,more than 77.1144278606965% of other census tracts,77.11442786,22.88557214,16,less than 87.8109452736319% of other census tracts,12.18905473,87.81094527,600
17031450300,168,more than 88.4615384615385% of other census tracts,88.46153846,11.53846154,highest                                                                         ,17.58128513,less than 65.7960199004975% of other census tracts,34.2039801,65.7960199,126,more than 74.5024875621891% of other census tracts,74.50248756,25.49751244,573
17031460100,350,more than 98.7593052109181% of other census tracts,98.75930521,1.240694789,highest                                                                         ,10.73453588,less than 94.2786069651741% of other census tracts,5.721393035,94.27860697,137,more than 77.2388059701493% of other census tracts,77.23880597,22.76119403,699
17031460200,190,more than 92.0595533498759% of other census tracts,92.05955335,7.94044665,highest                                                                         ,27.10139381,more than 84.3283582089552% of other census tracts,84.32835821,15.67164179,94,more than 65.7960199004975% of other census tracts,65.7960199,34.2039801,544
17031460301,88,more than 64.7642679900745% of other census tracts,64.76426799,35.23573201,highest                                                                         ,25.77515975,more than 78.2338308457711% of other census tracts,78.23383085,21.76616915,62,less than 51.865671641791% of other census tracts,48.13432836,51.86567164,560
17031460302,126,more than 79.9007444168735% of other census tracts,79.90074442,20.09925558,highest                                                                         ,28.9773029,more than 89.6766169154229% of other census tracts,89.67661692,10.32338308,89,more than 62.6865671641791% of other census tracts,62.68656716,37.31343284,533
17031460400,38,less than 70.3473945409429% of other census tracts,29.65260546,70.34739454,high                                                                            ,25.52907477,more than 77.363184079602% of other census tracts,77.36318408,22.63681592,32,less than 73.7562189054726% of other census tracts,26.24378109,73.75621891,427
17031460500,242,more than 95.7816377171216% of other census tracts,95.78163772,4.218362283,high                                                                            ,25.88685869,more than 79.3532338308458% of other census tracts,79.35323383,20.64676617,287,more than 93.2835820895522% of other census tracts,93.28358209,6.71641791,365
17031460600,41,less than 67.4937965260546% of other census tracts,32.50620347,67.49379653,high                                                                            ,25.84458201,more than 78.9800995024876% of other census tracts,78.9800995,21.0199005,62,less than 51.865671641791% of other census tracts,48.13432836,51.86567164,312
17031460700,109,more than 75.1861042183623% of other census tracts,75.18610422,24.81389578,high                                                                            ,25.25931338,more than 76.1194029850746% of other census tracts,76.11940299,23.88059701,41,less than 66.044776119403% of other census tracts,33.95522388,66.04477612,317
17031461000,42,less than 66.5012406947891% of other census tracts,33.49875931,66.50124069,highest                                                                         ,8.711986912,less than 98.3830845771144% of other census tracts,1.616915423,98.38308458,32,less than 73.7562189054726% of other census tracts,26.24378109,73.75621891,566
17031470100,60,less than 53.1017369727047% of other census tracts,46.89826303,53.10173697,highest                                                                         ,23.69997488,more than 68.2835820895522% of other census tracts,68.28358209,31.71641791,22,less than 82.2139303482587% of other census tracts,17.78606965,82.21393035,621
17031480100,77,more than 58.9330024813896% of other census tracts,58.93300248,41.06699752,high                                                                            ,20.43307611,more than 51.9900497512438% of other census tracts,51.99004975,48.00995025,56,less than 55.9701492537313% of other census tracts,44.02985075,55.97014925,461
17031480200,31,less than 76.6749379652605% of other census tracts,23.32506203,76.67493797,high                                                                            ,19.86698759,less than 51.3681592039801% of other census tracts,48.6318408,51.3681592,13,less than 90.2985074626866% of other census tracts,9.701492537,90.29850746,475
17031480300,39,less than 69.106699751861% of other census tracts,30.89330025,69.10669975,high                                                                            ,22.41864877,more than 61.9402985074627% of other census tracts,61.94029851,38.05970149,25,less than 79.4776119402985% of other census tracts,20.52238806,79.47761194,471
17031480400,185,more than 91.0669975186104% of other census tracts,91.06699752,8.933002481,high                                                                            ,20.63716569,more than 52.8606965174129% of other census tracts,52.86069652,47.13930348,223,more than 88.8059701492537% of other census tracts,88.80597015,11.19402985,437
17031480500,97,more than 69.3548387096774% of other census tracts,69.35483871,30.64516129,highest                                                                         ,19.58068636,less than 52.9850746268657% of other census tracts,47.01492537,52.98507463,82,more than 57.8358208955224% of other census tracts,57.8358209,42.1641791,612
17031490300,77,more than 58.9330024813896% of other census tracts,58.93300248,41.06699752,high                                                                            ,21.79084655,more than 58.4577114427861% of other census tracts,58.45771144,41.54228856,104,more than 68.9054726368159% of other census tracts,68.90547264,31.09452736,355
17031490400,53,less than 58.560794044665% of other census tracts,41.43920596,58.56079404,high                                                                            ,19.88148095,less than 51.2437810945274% of other census tracts,48.75621891,51.24378109,75,more than 54.228855721393% of other census tracts,54.22885572,45.77114428,348
17031490500,127,more than 80.272952853598% of other census tracts,80.27295285,19.72704715,highest                                                                         ,17.52258932,less than 66.2935323383085% of other census tracts,33.70646766,66.29353234,93,more than 64.9253731343284% of other census tracts,64.92537313,35.07462687,702
17031490600,94,more than 67.6178660049628% of other census tracts,67.617866,32.382134,highest                                                                         ,12.6035612,less than 88.3084577114428% of other census tracts,11.69154229,88.30845771,84,more than 58.955223880597% of other census tracts,58.95522388,41.04477612,731
17031490700,14,less than 91.5632754342432% of other census tracts,8.436724566,91.56327543,highest                                                                         ,24.04898279,more than 70.0248756218906% of other census tracts,70.02487562,29.97512438,16,less than 87.8109452736319% of other census tracts,12.18905473,87.81094527,590
17031490800,104,more than 72.0843672456576% of other census tracts,72.08436725,27.91563275,highest                                                                         ,17.36797038,less than 67.5373134328358% of other census tracts,32.46268657,67.53731343,149,more than 79.726368159204% of other census tracts,79.72636816,20.27363184,710
17031490901,140,more than 84.1191066997519% of other census tracts,84.1191067,15.8808933,highest                                                                         ,20.39053923,more than 51.3681592039801% of other census tracts,51.3681592,48.6318408,73,more than 53.7313432835821% of other census tracts,53.73134328,46.26865672,733
17031490902,169,more than 88.9578163771712% of other census tracts,88.95781638,11.04218362,highest                                                                         ,23.18438434,more than 65.6716417910448% of other census tracts,65.67164179,34.32835821,145,more than 78.8557213930348% of other census tracts,78.85572139,21.14427861,586
17031491000,178,more than 90.3225806451613% of other census tracts,90.32258065,9.677419355,highest                                                                         ,30.47471069,more than 92.0398009950249% of other census tracts,92.039801,7.960199005,77,more than 55.3482587064677% of other census tracts,55.34825871,44.65174129,708
17031491100,107,more than 74.317617866005% of other census tracts,74.31761787,25.68238213,highest                                                                         ,24.41408704,more than 72.1393034825871% of other census tracts,72.13930348,27.86069652,48,less than 61.318407960199% of other census tracts,38.68159204,61.31840796,599
17031491200,138,more than 83.7468982630273% of other census tracts,83.74689826,16.25310174,highest                                                                         ,25.52146288,more than 77.2388059701493% of other census tracts,77.23880597,22.76119403,32,less than 73.7562189054726% of other census tracts,26.24378109,73.75621891,617
17031491300,51,less than 59.8014888337469% of other census tracts,40.19851117,59.80148883,highest                                                                         ,30.06678098,more than 91.2935323383085% of other census tracts,91.29353234,8.706467662,27,less than 77.4875621890547% of other census tracts,22.51243781,77.48756219,671
17031491400,86,more than 63.3995037220844% of other census tracts,63.39950372,36.60049628,highest                                                                         ,19.64407635,less than 52.6119402985075% of other census tracts,47.3880597,52.6119403,43,less than 65.2985074626866% of other census tracts,34.70149254,65.29850746,781
17031500100,166,more than 87.9652605459057% of other census tracts,87.96526055,12.03473945,high                                                                            ,16.8221086,less than 70.5223880597015% of other census tracts,29.47761194,70.52238806,87,more than 61.4427860696517% of other census tracts,61.44278607,38.55721393,428
17031500200,184,more than 90.9429280397022% of other census tracts,90.94292804,9.05707196,highest                                                                         ,22.47017381,more than 62.4378109452736% of other census tracts,62.43781095,37.56218905,30,less than 75.2487562189055% of other census tracts,24.75124378,75.24875622,709
17031500300,110,more than 75.8064516129032% of other census tracts,75.80645161,24.19354839,high                                                                            ,19.71596954,less than 51.9900497512438% of other census tracts,48.00995025,51.99004975,105,more than 69.4029850746269% of other census tracts,69.40298507,30.59701493,473
17031510100,125,more than 79.5285359801489% of other census tracts,79.52853598,20.47146402,high                                                                            ,12.34880439,less than 89.8009950248756% of other census tracts,10.19900498,89.80099502,54,less than 56.9651741293532% of other census tracts,43.03482587,56.96517413,469
17031510200,138,more than 83.7468982630273% of other census tracts,83.74689826,16.25310174,highest                                                                         ,26.21239402,more than 80.8457711442786% of other census tracts,80.84577114,19.15422886,40,less than 66.7910447761194% of other census tracts,33.20895522,66.79104478,559
17031510300,33,less than 74.317617866005% of other census tracts,25.68238213,74.31761787,highest                                                                         ,24.82602784,more than 74.5024875621891% of other census tracts,74.50248756,25.49751244,46,less than 62.5621890547264% of other census tracts,37.43781095,62.56218905,664
17031520100,133,more than 82.258064516129% of other census tracts,82.25806452,17.74193548,high                                                                            ,15.30248659,less than 77.9850746268657% of other census tracts,22.01492537,77.98507463,148,more than 79.6019900497512% of other census tracts,79.60199005,20.39800995,400
17031520200,187,more than 91.6873449131514% of other census tracts,91.68734491,8.312655087,highest                                                                         ,10.81196672,less than 93.9054726368159% of other census tracts,6.094527363,93.90547264,261,more than 91.4179104477612% of other census tracts,91.41791045,8.582089552,490
17031520300,42,less than 66.5012406947891% of other census tracts,33.49875931,66.50124069,highest                                                                         ,17.42324891,less than 67.1641791044776% of other census tracts,32.8358209,67.1641791,341,more than 95.8955223880597% of other census tracts,95.89552239,4.104477612,528
17031520400,82,more than 61.6625310173697% of other census tracts,61.66253102,38.33746898,high                                                                            ,16.72538157,less than 71.1442786069652% of other census tracts,28.85572139,71.14427861,209,more than 87.5621890547264% of other census tracts,87.56218905,12.43781095,482
17031520500,51,less than 59.8014888337469% of other census tracts,40.19851117,59.80148883,high                                                                            ,18.82132535,less than 57.7114427860697% of other census tracts,42.28855721,57.71144279,318,more than 95.273631840796% of other census tracts,95.27363184,4.726368159,404
17031520600,21,less than 85.9801488833747% of other census tracts,14.01985112,85.98014888,high                                                                            ,17.73857358,less than 64.9253731343284% of other census tracts,35.07462687,64.92537313,230,more than 89.1791044776119% of other census tracts,89.17910448,10.82089552,447
17031530100,92,more than 66.8734491315136% of other census tracts,66.87344913,33.12655087,highest                                                                         ,21.42356522,more than 56.3432835820896% of other census tracts,56.34328358,43.65671642,16,less than 87.8109452736319% of other census tracts,12.18905473,87.81094527,693
17031530200,346,more than 98.5111662531017% of other census tracts,98.51116625,1.488833747,highest                                                                         ,33.10670811,more than 95.1492537313433% of other census tracts,95.14925373,4.850746269,146,more than 79.228855721393% of other census tracts,79.22885572,20.77114428,542
17031530300,177,more than 89.9503722084367% of other census tracts,89.95037221,10.04962779,highest                                                                         ,21.47043314,more than 56.4676616915423% of other census tracts,56.46766169,43.53233831,64,less than 51.1194029850746% of other census tracts,48.88059701,51.11940299,688
17031530400,28,less than 79.6526054590571% of other census tracts,20.34739454,79.65260546,highest                                                                         ,17.48850294,less than 66.6666666666667% of other census tracts,33.33333333,66.66666667,14,less than 89.3034825870647% of other census tracts,10.69651741,89.30348259,641
17031530501,117,more than 77.7915632754342% of other census tracts,77.79156328,22.20843672,highest                                                                         ,31.45015204,more than 93.5323383084577% of other census tracts,93.53233831,6.467661692,61,less than 52.7363184079602% of other census tracts,47.26368159,52.73631841,498
17031530502,3,less than 98.6352357320099% of other census tracts,1.364764268,98.63523573,high                                                                            ,31.40482774,more than 93.407960199005% of other census tracts,93.4079602,6.592039801,9,less than 94.0298507462687% of other census tracts,5.970149254,94.02985075,375
17031530503,105,more than 73.0769230769231% of other census tracts,73.07692308,26.92307692,highest                                                                         ,26.72068555,more than 82.9601990049751% of other census tracts,82.960199,17.039801,52,less than 58.3333333333333% of other census tracts,41.66666667,58.33333333,561
17031530600,66,more than 51.4888337468983% of other census tracts,51.48883375,48.51116625,highest                                                                         ,24.74726028,more than 74.3781094527363% of other census tracts,74.37810945,25.62189055,8,less than 94.7761194029851% of other census tracts,5.223880597,94.7761194,652
17031540101,54,less than 56.8238213399504% of other census tracts,43.17617866,56.82382134,highest                                                                         ,32.83329179,more than 94.9004975124378% of other census tracts,94.90049751,5.099502488,24,less than 80.8457711442786% of other census tracts,19.15422886,80.84577114,628
17031540102,16,less than 89.9503722084367% of other census tracts,10.04962779,89.95037221,highest                                                                         ,15.87923036,less than 75.4975124378109% of other census tracts,24.50248756,75.49751244,11,less than 92.2885572139304% of other census tracts,7.711442786,92.28855721,795
17031550100,96,more than 68.7344913151365% of other census tracts,68.73449132,31.26550868,high                                                                            ,20.03981849,less than 50.3731343283582% of other census tracts,49.62686567,50.37313433,141,more than 77.7363184079602% of other census tracts,77.73631841,22.26368159,321
17031550200,35,less than 73.0769230769231% of other census tracts,26.92307692,73.07692308,high                                                                            ,15.10948103,less than 78.9800995024876% of other census tracts,21.0199005,78.9800995,56,less than 55.9701492537313% of other census tracts,44.02985075,55.97014925,340
17031560100,62,less than 51.4888337468983% of other census tracts,48.51116625,51.48883375,high                                                                            ,13.33161596,less than 85.5721393034826% of other census tracts,14.4278607,85.5721393,44,less than 64.5522388059702% of other census tracts,35.44776119,64.55223881,454
17031560200,148,more than 85.6079404466501% of other census tracts,85.60794045,14.39205955,highest                                                                         ,22.98839916,more than 64.8009950248756% of other census tracts,64.80099502,35.19900498,43,less than 65.2985074626866% of other census tracts,34.70149254,65.29850746,558
17031560300,57,less than 55.4590570719603% of other census tracts,44.54094293,55.45905707,highest                                                                         ,16.3045776,less than 73.134328358209% of other census tracts,26.86567164,73.13432836,45,less than 63.5572139303483% of other census tracts,36.44278607,63.55721393,605
17031560400,13,less than 92.4317617866005% of other census tracts,7.568238213,92.43176179,highest                                                                         ,8.023563281,less than 99.2537313432836% of other census tracts,0.7462686567,99.25373134,35,less than 71.7661691542289% of other census tracts,28.23383085,71.76616915,775
17031560700,27,less than 80.6451612903226% of other census tracts,19.35483871,80.64516129,highest                                                                         ,10.33223183,less than 95.771144278607% of other census tracts,4.228855721,95.77114428,53,less than 57.8358208955224% of other census tracts,42.1641791,57.8358209,706
17031560800,60,less than 53.1017369727047% of other census tracts,46.89826303,53.10173697,highest                                                                         ,12.82682102,less than 87.5621890547264% of other census tracts,12.43781095,87.56218905,155,more than 80.4726368159204% of other census tracts,80.47263682,19.52736318,572
17031560900,79,more than 60.0496277915633% of other census tracts,60.04962779,39.95037221,high                                                                            ,16.86808399,less than 70.0248756218906% of other census tracts,29.97512438,70.02487562,158,more than 81.0945273631841% of other census tracts,81.09452736,18.90547264,382
17031561000,59,less than 53.7220843672457% of other census tracts,46.27791563,53.72208437,high                                                                            ,14.8283903,less than 80.0995024875622% of other census tracts,19.90049751,80.09950249,144,more than 78.4825870646766% of other census tracts,78.48258706,21.51741294,380
17031561100,76,more than 58.1885856079405% of other census tracts,58.18858561,41.81141439,high                                                                            ,13.79631658,less than 84.5771144278607% of other census tracts,15.42288557,84.57711443,192,more than 85.8208955223881% of other census tracts,85.82089552,14.17910448,477
17031570100,40,less than 68.1141439205955% of other census tracts,31.88585608,68.11414392,highest                                                                         ,4.316544389,less than 100% of other census tracts,0,100,50,less than 59.9502487562189% of other census tracts,40.04975124,59.95024876,634
17031570200,202,more than 93.7965260545906% of other census tracts,93.79652605,6.203473945,highest                                                                         ,7.52596773,less than 99.5024875621891% of other census tracts,0.4975124378,99.50248756,238,more than 89.9253731343284% of other census tracts,89.92537313,10.07462687,547
17031570300,94,more than 67.6178660049628% of other census tracts,67.617866,32.382134,highest                                                                         ,11.98866102,less than 91.044776119403% of other census tracts,8.955223881,91.04477612,164,more than 82.3383084577114% of other census tracts,82.33830846,17.66169154,680
17031570400,19,less than 87.9652605459057% of other census tracts,12.03473945,87.96526055,highest                                                                         ,13.05510059,less than 86.1940298507463% of other census tracts,13.80597015,86.19402985,14,less than 89.3034825870647% of other census tracts,10.69651741,89.30348259,630
17031570500,9,less than 95.409429280397% of other census tracts,4.59057072,95.40942928,highest                                                                         ,11.63844185,less than 92.1641791044776% of other census tracts,7.835820896,92.1641791,26,less than 78.4825870646766% of other census tracts,21.51741294,78.48258706,546
17031580100,167,more than 88.0893300248139% of other census tracts,88.08933002,11.91066998,highest                                                                         ,11.28316867,less than 93.2835820895522% of other census tracts,6.71641791,93.28358209,202,more than 86.6915422885572% of other census tracts,86.69154229,13.30845771,521
17031580200,164,more than 87.468982630273% of other census tracts,87.46898263,12.53101737,highest                                                                         ,13.5129736,less than 85.0746268656717% of other census tracts,14.92537313,85.07462687,171,more than 83.4577114427861% of other census tracts,83.45771144,16.54228856,589
17031580300,60,less than 53.1017369727047% of other census tracts,46.89826303,53.10173697,highest                                                                         ,13.26809947,less than 85.8208955223881% of other census tracts,14.17910448,85.82089552,61,less than 52.7363184079602% of other census tracts,47.26368159,52.73631841,507
17031580400,190,more than 92.0595533498759% of other census tracts,92.05955335,7.94044665,highest                                                                         ,6.022152754,less than 99.7512437810945% of other census tracts,0.2487562189,99.75124378,202,more than 86.6915422885572% of other census tracts,86.69154229,13.30845771,582
17031580501,35,less than 73.0769230769231% of other census tracts,26.92307692,73.07692308,highest                                                                         ,14.39520981,less than 82.3383084577115% of other census tracts,17.66169154,82.33830846,44,less than 64.5522388059702% of other census tracts,35.44776119,64.55223881,623
17031580502,50,less than 61.2903225806452% of other census tracts,38.70967742,61.29032258,highest                                                                         ,16.4996762,less than 72.3880597014925% of other census tracts,27.6119403,72.3880597,61,less than 52.7363184079602% of other census tracts,47.26368159,52.73631841,571
17031580600,56,less than 56.2034739454094% of other census tracts,43.79652605,56.20347395,highest                                                                         ,15.08179996,less than 79.1044776119403% of other census tracts,20.89552239,79.10447761,84,more than 58.955223880597% of other census tracts,58.95522388,41.04477612,603
17031580700,195,more than 92.8039702233251% of other census tracts,92.80397022,7.196029777,highest                                                                         ,18.38071648,less than 60.3233830845771% of other census tracts,39.67661692,60.32338308,50,less than 59.9502487562189% of other census tracts,40.04975124,59.95024876,553
17031580800,30,less than 77.9156327543424% of other census tracts,22.08436725,77.91563275,highest                                                                         ,17.05814046,less than 69.2786069651741% of other census tracts,30.72139303,69.27860697,9,less than 94.0298507462687% of other census tracts,5.970149254,94.02985075,520
17031590500,108,more than 74.5657568238214% of other census tracts,74.56575682,25.43424318,high                                                                            ,23.64728421,more than 67.910447761194% of other census tracts,67.91044776,32.08955224,187,more than 85.0746268656717% of other census tracts,85.07462687,14.92537313,331
17031590600,132,more than 81.6377171215881% of other census tracts,81.63771712,18.36228288,high                                                                            ,18.32903416,less than 60.8208955223881% of other census tracts,39.17910448,60.82089552,349,more than 96.1442786069652% of other census tracts,96.14427861,3.855721393,396
17031590700,219,more than 94.6650124069479% of other census tracts,94.66501241,5.334987593,high                                                                            ,9.001137966,less than 98.2587064676617% of other census tracts,1.741293532,98.25870647,358,more than 96.3930348258706% of other census tracts,96.39303483,3.606965174,444
17031600400,106,more than 73.8213399503722% of other census tracts,73.82133995,26.17866005,high                                                                            ,14.42778569,less than 82.2139303482587% of other census tracts,17.78606965,82.21393035,231,more than 89.3034825870647% of other census tracts,89.30348259,10.69651741,403
17031600600,119,more than 78.4119106699752% of other census tracts,78.41191067,21.58808933,high                                                                            ,12.63062076,less than 88.1840796019901% of other census tracts,11.8159204,88.1840796,475,more than 99.0049751243781% of other census tracts,99.00497512,0.9950248756,476
17031600700,99,more than 70.2233250620348% of other census tracts,70.22332506,29.77667494,high                                                                            ,10.83857657,less than 93.7810945273632% of other census tracts,6.218905473,93.78109453,306,more than 94.5273631840796% of other census tracts,94.52736318,5.472636816,422
17031600900,93,more than 67.12158808933% of other census tracts,67.12158809,32.87841191,high                                                                            ,15.99276427,less than 74.8756218905473% of other census tracts,25.12437811,74.87562189,220,more than 88.5572139303483% of other census tracts,88.55721393,11.44278607,389
17031610300,284,more than 97.2704714640199% of other census tracts,97.27047146,2.729528536,highest                                                                         ,8.545925481,less than 98.7562189054726% of other census tracts,1.243781095,98.75621891,151,more than 80.2238805970149% of other census tracts,80.2238806,19.7761194,637
17031610400,51,less than 59.8014888337469% of other census tracts,40.19851117,59.80148883,highest                                                                         ,12.04952082,less than 90.7960199004975% of other census tracts,9.2039801,90.7960199,66,more than 50.3731343283582% of other census tracts,50.37313433,49.62686567,631
17031610800,26,less than 81.7617866004963% of other census tracts,18.2382134,81.7617866,high                                                                            ,18.81432195,less than 57.8358208955224% of other census tracts,42.1641791,57.8358209,43,less than 65.2985074626866% of other census tracts,34.70149254,65.29850746,401
17031611000,77,more than 58.9330024813896% of other census tracts,58.93300248,41.06699752,high                                                                            ,21.91118327,more than 59.3283582089552% of other census tracts,59.32835821,40.67164179,27,less than 77.4875621890547% of other census tracts,22.51243781,77.48756219,405
17031611100,28,less than 79.6526054590571% of other census tracts,20.34739454,79.65260546,medium                                                                          ,27.84562137,more than 86.9402985074627% of other census tracts,86.94029851,13.05970149,44,less than 64.5522388059702% of other census tracts,35.44776119,64.55223881,237
17031611200,35,less than 73.0769230769231% of other census tracts,26.92307692,73.07692308,highest                                                                         ,25.34923565,more than 76.3681592039801% of other census tracts,76.3681592,23.6318408,28,less than 76.6169154228856% of other census tracts,23.38308458,76.61691542,508
17031611300,25,less than 83.0024813895782% of other census tracts,16.99751861,83.00248139,highest                                                                         ,18.86560055,less than 56.8407960199005% of other census tracts,43.15920398,56.84079602,23,less than 81.8407960199005% of other census tracts,18.15920398,81.84079602,598
17031611400,36,less than 72.3325062034739% of other census tracts,27.6674938,72.3325062,highest                                                                         ,19.2872016,less than 54.3532338308458% of other census tracts,45.64676617,54.35323383,60,less than 53.7313432835821% of other census tracts,46.26865672,53.73134328,607
17031611500,64,more than 50.3722084367246% of other census tracts,50.37220844,49.62779156,highest                                                                         ,14.27925806,less than 82.8358208955224% of other census tracts,17.1641791,82.8358209,38,less than 68.5323383084577% of other census tracts,31.46766169,68.53233831,650
17031611600,50,less than 61.2903225806452% of other census tracts,38.70967742,61.29032258,highest                                                                         ,25.60295334,more than 77.4875621890547% of other census tracts,77.48756219,22.51243781,1,less than 98.5074626865672% of other census tracts,1.492537313,98.50746269,578
17031611700,55,less than 56.575682382134% of other census tracts,43.42431762,56.57568238,highest                                                                         ,27.13003437,more than 84.5771144278607% of other census tracts,84.57711443,15.42288557,18,less than 85.8208955223881% of other census tracts,14.17910448,85.82089552,557
17031611800,33,less than 74.317617866005% of other census tracts,25.68238213,74.31761787,high                                                                            ,23.37679224,more than 66.6666666666667% of other census tracts,66.66666667,33.33333333,12,less than 91.2935323383085% of other census tracts,8.706467662,91.29353234,458
17031611900,149,more than 85.8560794044665% of other census tracts,85.8560794,14.1439206,high                                                                            ,31.70863831,more than 93.9054726368159% of other census tracts,93.90547264,6.094527363,94,more than 65.7960199004975% of other census tracts,65.7960199,34.2039801,485
17031612000,49,less than 61.9106699751861% of other census tracts,38.08933002,61.91066998,high                                                                            ,34.3782998,more than 96.2686567164179% of other census tracts,96.26865672,3.731343284,6,less than 96.1442786069652% of other census tracts,3.855721393,96.14427861,419
17031612100,120,more than 78.7841191066998% of other census tracts,78.78411911,21.21588089,high                                                                            ,34.68189301,more than 96.5174129353234% of other census tracts,96.51741294,3.482587065,17,less than 87.0646766169154% of other census tracts,12.93532338,87.06467662,440
17031620100,54,less than 56.8238213399504% of other census tracts,43.17617866,56.82382134,highest                                                                         ,11.92725264,less than 91.2935323383085% of other census tracts,8.706467662,91.29353234,113,more than 71.7661691542289% of other census tracts,71.76616915,28.23383085,506
17031620200,17,less than 89.454094292804% of other census tracts,10.54590571,89.45409429,high                                                                            ,11.51128053,less than 92.910447761194% of other census tracts,7.089552239,92.91044776,27,less than 77.4875621890547% of other census tracts,22.51243781,77.48756219,487
17031620300,76,more than 58.1885856079405% of other census tracts,58.18858561,41.81141439,highest                                                                         ,14.07100642,less than 84.0796019900498% of other census tracts,15.92039801,84.07960199,123,more than 74.1293532338308% of other census tracts,74.12935323,25.87064677,729
17031620400,384,more than 99.2555831265509% of other census tracts,99.25558313,0.7444168734,highest                                                                         ,12.47821522,less than 89.1791044776119% of other census tracts,10.82089552,89.17910448,601,more than 99.7512437810945% of other census tracts,99.75124378,0.2487562189,635
17031630100,43,less than 65.6327543424318% of other census tracts,34.36724566,65.63275434,high                                                                            ,15.75021575,less than 75.8706467661692% of other census tracts,24.12935323,75.87064677,6,less than 96.1442786069652% of other census tracts,3.855721393,96.14427861,351
17031630200,18,less than 89.2059553349876% of other census tracts,10.79404467,89.20595533,high                                                                            ,9.498508517,less than 97.2636815920398% of other census tracts,2.736318408,97.26368159,13,less than 90.2985074626866% of other census tracts,9.701492537,90.29850746,385
17031630300,57,less than 55.4590570719603% of other census tracts,44.54094293,55.45905707,highest                                                                         ,12.94456285,less than 86.81592039801% of other census tracts,13.1840796,86.8159204,50,less than 59.9502487562189% of other census tracts,40.04975124,59.95024876,610
17031630400,21,less than 85.9801488833747% of other census tracts,14.01985112,85.98014888,highest                                                                         ,15.28098605,less than 78.2338308457711% of other census tracts,21.76616915,78.23383085,34,less than 72.2636815920398% of other census tracts,27.73631841,72.26368159,661
17031630500,63,less than 50.2481389578164% of other census tracts,49.75186104,50.24813896,highest                                                                         ,17.23209399,less than 67.910447761194% of other census tracts,32.08955224,67.91044776,61,less than 52.7363184079602% of other census tracts,47.26368159,52.73631841,584
17031630800,38,less than 70.3473945409429% of other census tracts,29.65260546,70.34739454,highest                                                                         ,13.21188434,less than 85.9452736318408% of other census tracts,14.05472637,85.94527363,80,more than 56.9651741293532% of other census tracts,56.96517413,43.03482587,677
17031630900,45,less than 64.8883374689826% of other census tracts,35.11166253,64.88833747,highest                                                                         ,15.43599487,less than 77.4875621890547% of other census tracts,22.51243781,77.48756219,70,more than 52.8606965174129% of other census tracts,52.86069652,47.13930348,704
17031640100,13,less than 92.4317617866005% of other census tracts,7.568238213,92.43176179,highest                                                                         ,12.53712619,less than 88.9303482587065% of other census tracts,11.06965174,88.93034826,12,less than 91.2935323383085% of other census tracts,8.706467662,91.29353234,563
17031640300,127,more than 80.272952853598% of other census tracts,80.27295285,19.72704715,highest                                                                         ,11.3957279,less than 93.0348258706468% of other census tracts,6.965174129,93.03482587,249,more than 90.4228855721393% of other census tracts,90.42288557,9.577114428,606
17031640400,58,less than 54.3424317617866% of other census tracts,45.65756824,54.34243176,highest                                                                         ,9.209453118,less than 98.134328358209% of other census tracts,1.865671642,98.13432836,118,more than 73.3830845771144% of other census tracts,73.38308458,26.61691542,601
17031640500,26,less than 81.7617866004963% of other census tracts,18.2382134,81.7617866,highest                                                                         ,10.65166955,less than 94.4029850746269% of other census tracts,5.597014925,94.40298507,85,more than 59.8258706467662% of other census tracts,59.82587065,40.17412935,502
17031640600,32,less than 75.8064516129032% of other census tracts,24.19354839,75.80645161,highest                                                                         ,9.254323045,less than 98.0099502487562% of other census tracts,1.990049751,98.00995025,48,less than 61.318407960199% of other census tracts,38.68159204,61.31840796,705
17031640700,10,less than 94.5409429280397% of other census tracts,5.459057072,94.54094293,highest                                                                         ,14.51997891,less than 81.3432835820896% of other census tracts,18.65671642,81.34328358,30,less than 75.2487562189055% of other census tracts,24.75124378,75.24875622,615
17031640800,36,less than 72.3325062034739% of other census tracts,27.6674938,72.3325062,highest                                                                         ,9.313407849,less than 97.8855721393035% of other census tracts,2.114427861,97.88557214,56,less than 55.9701492537313% of other census tracts,44.02985075,55.97014925,496
17031650100,37,less than 71.712158808933% of other census tracts,28.28784119,71.71215881,highest                                                                         ,17.1087833,less than 68.7810945273632% of other census tracts,31.21890547,68.78109453,271,more than 92.1641791044776% of other census tracts,92.1641791,7.835820896,685
17031650200,74,more than 57.1960297766749% of other census tracts,57.19602978,42.80397022,highest                                                                         ,12.98114235,less than 86.4427860696518% of other census tracts,13.55721393,86.44278607,103,more than 68.407960199005% of other census tracts,68.4079602,31.5920398,626
17031650301,61,less than 52.2332506203474% of other census tracts,47.76674938,52.23325062,highest                                                                         ,14.29266301,less than 82.5870646766169% of other census tracts,17.41293532,82.58706468,112,more than 71.1442786069652% of other census tracts,71.14427861,28.85572139,632
17031650302,69,more than 54.2183622828784% of other census tracts,54.21836228,45.78163772,highest                                                                         ,16.91106046,less than 69.6517412935323% of other census tracts,30.34825871,69.65174129,432,more than 98.2587064676617% of other census tracts,98.25870647,1.741293532,567
17031650400,49,less than 61.9106699751861% of other census tracts,38.08933002,61.91066998,highest                                                                         ,12.38604087,less than 89.4278606965174% of other census tracts,10.5721393,89.4278607,104,more than 68.9054726368159% of other census tracts,68.90547264,31.09452736,697
17031650500,31,less than 76.6749379652605% of other census tracts,23.32506203,76.67493797,highest                                                                         ,5.72635129,less than 99.8756218905473% of other census tracts,0.1243781095,99.87562189,54,less than 56.9651741293532% of other census tracts,43.03482587,56.96517413,745
17031660301,10,less than 94.5409429280397% of other census tracts,5.459057072,94.54094293,highest                                                                         ,14.07833775,less than 83.955223880597% of other census tracts,16.04477612,83.95522388,73,more than 53.7313432835821% of other census tracts,53.73134328,46.26865672,755
17031660302,40,less than 68.1141439205955% of other census tracts,31.88585608,68.11414392,highest                                                                         ,15.38176397,less than 77.7363184079602% of other census tracts,22.26368159,77.73631841,206,more than 86.9402985074627% of other census tracts,86.94029851,13.05970149,719
17031660400,85,more than 62.7791563275434% of other census tracts,62.77915633,37.22084367,highest                                                                         ,18.52978014,less than 59.2039800995025% of other census tracts,40.7960199,59.2039801,306,more than 94.5273631840796% of other census tracts,94.52736318,5.472636816,642
17031660500,44,less than 65.2605459057072% of other census tracts,34.73945409,65.26054591,highest                                                                         ,21.58484467,more than 57.4626865671642% of other census tracts,57.46268657,42.53731343,301,more than 94.0298507462687% of other census tracts,94.02985075,5.970149254,595
17031660600,90,more than 66.2531017369727% of other census tracts,66.25310174,33.74689826,highest                                                                         ,16.84843026,less than 70.1492537313433% of other census tracts,29.85074627,70.14925373,318,more than 95.273631840796% of other census tracts,95.27363184,4.726368159,783
17031660700,33,less than 74.317617866005% of other census tracts,25.68238213,74.31761787,highest                                                                         ,22.09003853,more than 60.1990049751244% of other census tracts,60.19900498,39.80099502,20,less than 83.955223880597% of other census tracts,16.04477612,83.95522388,779
17031660800,48,less than 62.7791563275434% of other census tracts,37.22084367,62.77915633,highest                                                                         ,19.36231754,less than 53.8557213930348% of other census tracts,46.14427861,53.85572139,273,more than 92.4129353233831% of other census tracts,92.41293532,7.587064677,772
17031660900,125,more than 79.5285359801489% of other census tracts,79.52853598,20.47146402,highest                                                                         ,23.69708509,more than 68.1592039800995% of other census tracts,68.15920398,31.84079602,63,less than 51.3681592039801% of other census tracts,48.6318408,51.3681592,743
17031661000,78,more than 59.5533498759305% of other census tracts,59.55334988,40.44665012,highest                                                                         ,17.86184256,less than 64.6766169154229% of other census tracts,35.32338308,64.67661692,73,more than 53.7313432835821% of other census tracts,53.73134328,46.26865672,797
17031661100,43,less than 65.6327543424318% of other census tracts,34.36724566,65.63275434,highest                                                                         ,15.42233716,less than 77.6119402985075% of other census tracts,22.3880597,77.6119403,85,more than 59.8258706467662% of other census tracts,59.82587065,40.17412935,692
17031670100,32,less than 75.8064516129032% of other census tracts,24.19354839,75.80645161,highest                                                                         ,32.62003721,more than 94.6517412935323% of other census tracts,94.65174129,5.348258706,26,less than 78.4825870646766% of other census tracts,21.51741294,78.48258706,509
17031670200,26,less than 81.7617866004963% of other census tracts,18.2382134,81.7617866,highest                                                                         ,30.4276814,more than 91.9154228855721% of other census tracts,91.91542289,8.084577114,11,less than 92.2885572139304% of other census tracts,7.711442786,92.28855721,545
17031670300,25,less than 83.0024813895782% of other census tracts,16.99751861,83.00248139,highest                                                                         ,31.99855028,more than 94.1542288557214% of other census tracts,94.15422886,5.845771144,7,less than 95.771144278607% of other census tracts,4.228855721,95.77114428,540
17031670400,60,less than 53.1017369727047% of other census tracts,46.89826303,53.10173697,highest                                                                         ,28.32266639,more than 87.9353233830846% of other census tracts,87.93532338,12.06467662,16,less than 87.8109452736319% of other census tracts,12.18905473,87.81094527,616
17031670500,19,less than 87.9652605459057% of other census tracts,12.03473945,87.96526055,highest                                                                         ,18.00368205,less than 63.3084577114428% of other census tracts,36.69154229,63.30845771,14,less than 89.3034825870647% of other census tracts,10.69651741,89.30348259,764
17031670600,15,less than 90.6947890818859% of other census tracts,9.305210918,90.69478908,highest                                                                         ,30.96989511,more than 92.6616915422886% of other census tracts,92.66169154,7.338308458,16,less than 87.8109452736319% of other census tracts,12.18905473,87.81094527,554
17031670700,16,less than 89.9503722084367% of other census tracts,10.04962779,89.95037221,highest                                                                         ,30.31665674,more than 91.5422885572139% of other census tracts,91.54228856,8.457711443,12,less than 91.2935323383085% of other census tracts,8.706467662,91.29353234,647
17031670800,42,less than 66.5012406947891% of other census tracts,33.49875931,66.50124069,highest                                                                         ,21.61209857,more than 57.8358208955224% of other census tracts,57.8358209,42.1641791,36,less than 70.8955223880597% of other census tracts,29.10447761,70.89552239,751
17031670900,22,less than 85.3598014888338% of other census tracts,14.64019851,85.35980149,highest                                                                         ,23.77575739,more than 68.9054726368159% of other census tracts,68.90547264,31.09452736,18,less than 85.8208955223881% of other census tracts,14.17910448,85.82089552,522
17031671100,115,more than 76.7990074441687% of other census tracts,76.79900744,23.20099256,highest                                                                         ,26.26248652,more than 80.9701492537313% of other census tracts,80.97014925,19.02985075,118,more than 73.3830845771144% of other census tracts,73.38308458,26.61691542,526
17031671200,90,more than 66.2531017369727% of other census tracts,66.25310174,33.74689826,highest                                                                         ,25.24199466,more than 75.9950248756219% of other census tracts,75.99502488,24.00497512,76,more than 54.6019900497512% of other census tracts,54.60199005,45.39800995,717
17031671300,246,more than 96.029776674938% of other census tracts,96.02977667,3.970223325,highest                                                                         ,28.54487731,more than 88.8059701492537% of other census tracts,88.80597015,11.19402985,311,more than 94.6517412935323% of other census tracts,94.65174129,5.348258706,639
17031671400,14,less than 91.5632754342432% of other census tracts,8.436724566,91.56327543,highest                                                                         ,28.50213554,more than 88.5572139303483% of other census tracts,88.55721393,11.44278607,10,less than 93.407960199005% of other census tracts,6.592039801,93.4079602,596
17031671500,281,more than 97.0223325062035% of other census tracts,97.02233251,2.977667494,highest                                                                         ,25.80762174,more than 78.4825870646766% of other census tracts,78.48258706,21.51741294,415,more than 97.636815920398% of other census tracts,97.63681592,2.36318408,701
17031671600,305,more than 97.8908188585608% of other census tracts,97.89081886,2.109181141,highest                                                                         ,25.7703918,more than 78.1094527363184% of other census tracts,78.10945274,21.89054726,303,more than 94.2786069651741% of other census tracts,94.27860697,5.721393035,724
17031671800,153,more than 86.3523573200993% of other census tracts,86.35235732,13.64764268,highest                                                                         ,22.27671289,more than 61.4427860696517% of other census tracts,61.44278607,38.55721393,277,more than 92.5373134328358% of other census tracts,92.53731343,7.462686567,750
17031671900,77,more than 58.9330024813896% of other census tracts,58.93300248,41.06699752,highest                                                                         ,16.22601569,less than 73.7562189054726% of other census tracts,26.24378109,73.75621891,216,more than 88.1840796019901% of other census tracts,88.1840796,11.8159204,765
17031672000,134,more than 82.6302729528536% of other census tracts,82.63027295,17.36972705,highest                                                                         ,24.06139922,more than 70.1492537313433% of other census tracts,70.14925373,29.85074627,569,more than 99.6268656716418% of other census tracts,99.62686567,0.3731343284,732
17031680500,59,less than 53.7220843672457% of other census tracts,46.27791563,53.72208437,high                                                                            ,36.4172577,more than 97.7611940298507% of other census tracts,97.76119403,2.23880597,22,less than 82.2139303482587% of other census tracts,17.78606965,82.21393035,453
17031680600,60,less than 53.1017369727047% of other census tracts,46.89826303,53.10173697,highest                                                                         ,27.42164736,more than 85.6965174129353% of other census tracts,85.69651741,14.30348259,48,less than 61.318407960199% of other census tracts,38.68159204,61.31840796,592
17031680900,47,less than 63.3995037220844% of other census tracts,36.60049628,63.39950372,highest                                                                         ,20.13855392,more than 50.3731343283582% of other census tracts,50.37313433,49.62686567,31,less than 74.8756218905473% of other census tracts,25.12437811,74.87562189,790
17031681000,106,more than 73.8213399503722% of other census tracts,73.82133995,26.17866005,highest                                                                         ,24.4509879,more than 72.3880597014925% of other census tracts,72.3880597,27.6119403,52,less than 58.3333333333333% of other census tracts,41.66666667,58.33333333,728
17031681100,126,more than 79.9007444168735% of other census tracts,79.90074442,20.09925558,highest                                                                         ,24.61999062,more than 73.5074626865672% of other census tracts,73.50746269,26.49253731,52,less than 58.3333333333333% of other census tracts,41.66666667,58.33333333,712
17031681200,197,more than 93.424317617866% of other census tracts,93.42431762,6.575682382,highest                                                                         ,29.90181272,more than 90.7960199004975% of other census tracts,90.7960199,9.2039801,122,more than 73.7562189054726% of other census tracts,73.75621891,26.24378109,720
17031681300,163,more than 87.3449131513648% of other census tracts,87.34491315,12.65508685,highest                                                                         ,29.81551509,more than 90.6716417910448% of other census tracts,90.67164179,9.328358209,80,more than 56.9651741293532% of other census tracts,56.96517413,43.03482587,686
17031681400,145,more than 84.9875930521092% of other census tracts,84.98759305,15.01240695,highest                                                                         ,23.79589852,more than 69.1542288557214% of other census tracts,69.15422886,30.84577114,92,more than 64.3034825870647% of other census tracts,64.30348259,35.69651741,682
17031690300,133,more than 82.258064516129% of other census tracts,82.25806452,17.74193548,highest                                                                         ,17.30006125,less than 67.7860696517413% of other census tracts,32.21393035,67.78606965,65,less than 50.1243781094527% of other census tracts,49.87562189,50.12437811,774
17031690400,74,more than 57.1960297766749% of other census tracts,57.19602978,42.80397022,highest                                                                         ,24.41399537,more than 72.0149253731343% of other census tracts,72.01492537,27.98507463,41,less than 66.044776119403% of other census tracts,33.95522388,66.04477612,609
17031690500,45,less than 64.8883374689826% of other census tracts,35.11166253,64.88833747,highest                                                                         ,15.02555676,less than 79.4776119402985% of other census tracts,20.52238806,79.47761194,36,less than 70.8955223880597% of other census tracts,29.10447761,70.89552239,738
17031690900,58,less than 54.3424317617866% of other census tracts,45.65756824,54.34243176,highest                                                                         ,24.62664568,more than 73.6318407960199% of other census tracts,73.6318408,26.3681592,27,less than 77.4875621890547% of other census tracts,22.51243781,77.48756219,549
17031691000,45,less than 64.8883374689826% of other census tracts,35.11166253,64.88833747,highest                                                                         ,25.23651005,more than 75.8706467661692% of other census tracts,75.87064677,24.12935323,32,less than 73.7562189054726% of other census tracts,26.24378109,73.75621891,551
17031691100,303,more than 97.7667493796526% of other census tracts,97.76674938,2.23325062,highest                                                                         ,20.54921548,more than 52.363184079602% of other census tracts,52.36318408,47.63681592,170,more than 83.2089552238806% of other census tracts,83.20895522,16.79104478,725
17031691200,267,more than 96.5260545905707% of other census tracts,96.52605459,3.473945409,highest                                                                         ,17.32426789,less than 67.6616915422886% of other census tracts,32.33830846,67.66169154,87,more than 61.4427860696517% of other census tracts,61.44278607,38.55721393,786
17031691300,96,more than 68.7344913151365% of other census tracts,68.73449132,31.26550868,highest                                                                         ,22.86941856,more than 64.1791044776119% of other census tracts,64.17910448,35.82089552,44,less than 64.5522388059702% of other census tracts,35.44776119,64.55223881,527
17031691400,103,more than 71.712158808933% of other census tracts,71.71215881,28.28784119,highest                                                                         ,24.29735805,more than 71.3930348258706% of other census tracts,71.39303483,28.60696517,31,less than 74.8756218905473% of other census tracts,25.12437811,74.87562189,568
17031691500,66,more than 51.4888337468983% of other census tracts,51.48883375,48.51116625,highest                                                                         ,25.92090606,more than 79.6019900497512% of other census tracts,79.60199005,20.39800995,22,less than 82.2139303482587% of other census tracts,17.78606965,82.21393035,660
17031700100,118,more than 78.0397022332506% of other census tracts,78.03970223,21.96029777,highest                                                                         ,8.195199849,less than 99.1293532338308% of other census tracts,0.8706467662,99.12935323,29,less than 76.3681592039801% of other census tracts,23.6318408,76.3681592,771
17031700200,114,more than 76.302729528536% of other census tracts,76.30272953,23.69727047,highest                                                                         ,11.51857561,less than 92.7860696517413% of other census tracts,7.213930348,92.78606965,65,less than 50.1243781094527% of other census tracts,49.87562189,50.12437811,658
17031700301,30,less than 77.9156327543424% of other census tracts,22.08436725,77.91563275,highest                                                                         ,14.17157113,less than 83.3333333333333% of other census tracts,16.66666667,83.33333333,40,less than 66.7910447761194% of other census tracts,33.20895522,66.79104478,619
17031700302,61,less than 52.2332506203474% of other census tracts,47.76674938,52.23325062,highest                                                                         ,12.04850469,less than 90.9203980099503% of other census tracts,9.07960199,90.92039801,88,more than 61.9402985074627% of other census tracts,61.94029851,38.05970149,670
17031700401,62,less than 51.4888337468983% of other census tracts,48.51116625,51.48883375,highest                                                                         ,18.1517346,less than 62.0646766169154% of other census tracts,37.93532338,62.06467662,57,less than 55.7213930348259% of other census tracts,44.27860697,55.72139303,662
17031700402,53,less than 58.560794044665% of other census tracts,41.43920596,58.56079404,highest                                                                         ,18.90573259,less than 56.3432835820896% of other census tracts,43.65671642,56.34328358,39,less than 67.6616915422886% of other census tracts,32.33830846,67.66169154,665
17031700501,188,more than 91.8114143920596% of other census tracts,91.81141439,8.188585608,highest                                                                         ,17.99047913,less than 63.4328358208955% of other census tracts,36.56716418,63.43283582,288,more than 93.407960199005% of other census tracts,93.4079602,6.592039801,576
17031700502,48,less than 62.7791563275434% of other census tracts,37.22084367,62.77915633,high                                                                            ,24.36973171,more than 71.7661691542289% of other census tracts,71.76616915,28.23383085,20,less than 83.955223880597% of other census tracts,16.04477612,83.95522388,465
17031710100,104,more than 72.0843672456576% of other census tracts,72.08436725,27.91563275,highest                                                                         ,23.73112825,more than 68.407960199005% of other census tracts,68.4079602,31.5920398,41,less than 66.044776119403% of other census tracts,33.95522388,66.04477612,565
17031710200,118,more than 78.0397022332506% of other census tracts,78.03970223,21.96029777,highest                                                                         ,21.54624221,more than 57.089552238806% of other census tracts,57.08955224,42.91044776,249,more than 90.4228855721393% of other census tracts,90.42288557,9.577114428,766
17031710300,53,less than 58.560794044665% of other census tracts,41.43920596,58.56079404,highest                                                                         ,16.81790117,less than 70.6467661691542% of other census tracts,29.35323383,70.64676617,103,more than 68.407960199005% of other census tracts,68.4079602,31.5920398,754
17031710400,234,more than 95.2853598014888% of other census tracts,95.2853598,4.714640199,highest                                                                         ,20.64220464,more than 53.1094527363184% of other census tracts,53.10945274,46.89054726,606,more than 99.8756218905473% of other census tracts,99.87562189,0.1243781095,734
17031710500,165,more than 87.8411910669975% of other census tracts,87.84119107,12.15880893,highest                                                                         ,15.50776578,less than 76.9900497512438% of other census tracts,23.00995025,76.99004975,294,more than 93.6567164179105% of other census tracts,93.65671642,6.343283582,782
17031710600,69,more than 54.2183622828784% of other census tracts,54.21836228,45.78163772,highest                                                                         ,16.68981636,less than 71.5174129353234% of other census tracts,28.48258706,71.51741294,116,more than 72.7611940298507% of other census tracts,72.76119403,27.23880597,789
17031710700,135,more than 83.0024813895782% of other census tracts,83.00248139,16.99751861,highest                                                                         ,14.00922762,less than 84.2039800995025% of other census tracts,15.7960199,84.2039801,315,more than 94.9004975124378% of other census tracts,94.90049751,5.099502488,794
17031710800,95,more than 67.9900744416873% of other census tracts,67.99007444,32.00992556,highest                                                                         ,15.06117473,less than 79.228855721393% of other census tracts,20.77114428,79.22885572,367,more than 96.5174129353234% of other census tracts,96.51741294,3.482587065,776
17031710900,157,more than 86.7245657568238% of other census tracts,86.72456576,13.27543424,highest                                                                         ,18.23409311,less than 61.6915422885572% of other census tracts,38.30845771,61.69154229,37,less than 69.1542288557214% of other census tracts,30.84577114,69.15422886,757
17031711000,165,more than 87.8411910669975% of other census tracts,87.84119107,12.15880893,highest                                                                         ,22.24941238,more than 61.0696517412935% of other census tracts,61.06965174,38.93034826,281,more than 93.0348258706468% of other census tracts,93.03482587,6.965174129,713
17031711100,169,more than 88.9578163771712% of other census tracts,88.95781638,11.04218362,highest                                                                         ,17.5944311,less than 65.6716417910448% of other census tracts,34.32835821,65.67164179,323,more than 95.5223880597015% of other census tracts,95.52238806,4.47761194,679
17031711200,281,more than 97.0223325062035% of other census tracts,97.02233251,2.977667494,highest                                                                         ,17.17750465,less than 68.5323383084577% of other census tracts,31.46766169,68.53233831,443,more than 98.3830845771144% of other census tracts,98.38308458,1.616915423,736
17031711300,127,more than 80.272952853598% of other census tracts,80.27295285,19.72704715,highest                                                                         ,20.27231797,more than 50.8706467661692% of other census tracts,50.87064677,49.12935323,143,more than 78.2338308457711% of other census tracts,78.23383085,21.76616915,711
17031711400,163,more than 87.3449131513648% of other census tracts,87.34491315,12.65508685,highest                                                                         ,19.05118087,less than 55.5970149253731% of other census tracts,44.40298507,55.59701493,216,more than 88.1840796019901% of other census tracts,88.1840796,11.8159204,683
17031711500,106,more than 73.8213399503722% of other census tracts,73.82133995,26.17866005,highest                                                                         ,23.77876582,more than 69.0298507462687% of other census tracts,69.02985075,30.97014925,51,less than 59.3283582089552% of other census tracts,40.67164179,59.32835821,624
17031720100,263,more than 96.4019851116625% of other census tracts,96.40198511,3.598014888,low                                                                             ,49.18513248,more than 99.6268656716418% of other census tracts,99.62686567,0.3731343284,263,more than 91.6666666666667% of other census tracts,91.66666667,8.333333333,33
17031720200,168,more than 88.4615384615385% of other census tracts,88.46153846,11.53846154,medium                                                                          ,43.23884283,more than 99.2537313432836% of other census tracts,99.25373134,0.7462686567,224,more than 88.9303482587065% of other census tracts,88.93034826,11.06965174,177
17031720300,246,more than 96.029776674938% of other census tracts,96.02977667,3.970223325,medium                                                                          ,34.30697031,more than 96.1442786069652% of other census tracts,96.14427861,3.855721393,391,more than 97.0149253731343% of other census tracts,97.01492537,2.985074627,184
17031720400,68,more than 53.1017369727047% of other census tracts,53.10173697,46.89826303,medium                                                                          ,27.26026878,more than 85.0746268656717% of other census tracts,85.07462687,14.92537313,91,more than 63.8059701492537% of other census tracts,63.80597015,36.19402985,223
17031720500,82,more than 61.6625310173697% of other census tracts,61.66253102,38.33746898,medium                                                                          ,31.38730743,more than 93.2835820895522% of other census tracts,93.28358209,6.71641791,130,more than 75.6218905472637% of other census tracts,75.62189055,24.37810945,117
17031720600,134,more than 82.6302729528536% of other census tracts,82.63027295,17.36972705,medium                                                                          ,38.96226952,more than 98.5074626865672% of other census tracts,98.50746269,1.492537313,192,more than 85.8208955223881% of other census tracts,85.82089552,14.17910448,130
17031720700,131,more than 81.0173697270471% of other census tracts,81.01736973,18.98263027,medium                                                                          ,46.59913217,more than 99.5024875621891% of other census tracts,99.50248756,0.4975124378,157,more than 80.8457711442786% of other census tracts,80.84577114,19.15422886,132
17031730100,29,less than 79.0322580645161% of other census tracts,20.96774194,79.03225806,highest                                                                         ,20.83784053,more than 54.1044776119403% of other census tracts,54.10447761,45.89552239,25,less than 79.4776119402985% of other census tracts,20.52238806,79.47761194,669
17031730201,354,more than 98.8833746898263% of other census tracts,98.88337469,1.11662531,highest                                                                         ,19.88721091,less than 51.1194029850746% of other census tracts,48.88059701,51.11940299,450,more than 98.5074626865672% of other census tracts,98.50746269,1.492537313,723
17031730202,106,more than 73.8213399503722% of other census tracts,73.82133995,26.17866005,highest                                                                         ,15.63836935,less than 76.1194029850746% of other census tracts,23.88059701,76.11940299,164,more than 82.3383084577114% of other census tracts,82.33830846,17.66169154,591
17031730300,90,more than 66.2531017369727% of other census tracts,66.25310174,33.74689826,highest                                                                         ,15.49473213,less than 77.1144278606965% of other census tracts,22.88557214,77.11442786,117,more than 73.0099502487562% of other census tracts,73.00995025,26.99004975,768
17031730400,142,more than 84.6153846153846% of other census tracts,84.61538462,15.38461538,highest                                                                         ,23.25025924,more than 65.9203980099503% of other census tracts,65.92039801,34.07960199,78,more than 55.4726368159204% of other census tracts,55.47263682,44.52736318,494
17031730500,117,more than 77.7915632754342% of other census tracts,77.79156328,22.20843672,highest                                                                         ,23.93445405,more than 69.4029850746269% of other census tracts,69.40298507,30.59701493,57,less than 55.7213930348259% of other census tracts,44.27860697,55.72139303,548
17031730600,742,more than 99.7518610421836% of other census tracts,99.75186104,0.2481389578,highest                                                                         ,21.9379901,more than 59.452736318408% of other census tracts,59.45273632,40.54726368,54,less than 56.9651741293532% of other census tracts,43.03482587,56.96517413,575
17031730700,146,more than 85.1116625310174% of other census tracts,85.11166253,14.88833747,highest                                                                         ,23.36281392,more than 66.5422885572139% of other census tracts,66.54228856,33.45771144,91,more than 63.8059701492537% of other census tracts,63.80597015,36.19402985,611
17031740100,56,less than 56.2034739454094% of other census tracts,43.79652605,56.20347395,high                                                                            ,20.01022482,less than 50.6218905472637% of other census tracts,49.37810945,50.62189055,89,more than 62.6865671641791% of other census tracts,62.68656716,37.31343284,410
17031740200,73,more than 55.8312655086849% of other census tracts,55.83126551,44.16873449,high                                                                            ,19.95057941,less than 50.8706467661692% of other census tracts,49.12935323,50.87064677,131,more than 75.9950248756219% of other census tracts,75.99502488,24.00497512,368
17031740300,80,more than 60.545905707196% of other census tracts,60.54590571,39.45409429,high                                                                            ,20.57074185,more than 52.6119402985075% of other census tracts,52.6119403,47.3880597,110,more than 70.771144278607% of other census tracts,70.77114428,29.22885572,307
17031740400,116,more than 77.4193548387097% of other census tracts,77.41935484,22.58064516,high                                                                            ,16.24995301,less than 73.5074626865672% of other census tracts,26.49253731,73.50746269,82,more than 57.8358208955224% of other census tracts,57.8358209,42.1641791,333
17031750100,142,more than 84.6153846153846% of other census tracts,84.61538462,15.38461538,highest                                                                         ,24.38628709,more than 71.8905472636816% of other census tracts,71.89054726,28.10945274,40,less than 66.7910447761194% of other census tracts,33.20895522,66.79104478,517
17031750200,169,more than 88.9578163771712% of other census tracts,88.95781638,11.04218362,medium                                                                          ,43.12876406,more than 98.8805970149254% of other census tracts,98.88059701,1.119402985,174,more than 83.8308457711443% of other census tracts,83.83084577,16.16915423,186
17031750300,134,more than 82.6302729528536% of other census tracts,82.63027295,17.36972705,medium                                                                          ,31.03636028,more than 92.7860696517413% of other census tracts,92.78606965,7.213930348,208,more than 87.1890547263682% of other census tracts,87.18905473,12.81094527,198
17031750400,133,more than 82.258064516129% of other census tracts,82.25806452,17.74193548,high                                                                            ,25.21017584,more than 75.7462686567164% of other census tracts,75.74626866,24.25373134,155,more than 80.4726368159204% of other census tracts,80.47263682,19.52736318,279
17031750500,286,more than 97.3945409429281% of other census tracts,97.39454094,2.605459057,highest                                                                         ,24.99166867,more than 75% of other census tracts,75,25,178,more than 84.0796019900498% of other census tracts,84.07960199,15.92039801,555
17031750600,130,more than 80.5210918114144% of other census tracts,80.52109181,19.47890819,highest                                                                         ,24.52480768,more than 73.2587064676617% of other census tracts,73.25870647,26.74129353,25,less than 79.4776119402985% of other census tracts,20.52238806,79.47761194,636
17031760801,9,less than 95.409429280397% of other census tracts,4.59057072,95.40942928,medium                                                                          ,22.6185687,more than 63.3084577114428% of other census tracts,63.30845771,36.69154229,13,less than 90.2985074626866% of other census tracts,9.701492537,90.29850746,243
17031760802,23,less than 84.3672456575682% of other census tracts,15.63275434,84.36724566,lowest                                                                          ,64.47128362,more than 99.8756218905473% of other census tracts,99.87562189,0.1243781095,34,less than 72.2636815920398% of other census tracts,27.73631841,72.26368159,2
17031760803,6,less than 97.5186104218362% of other census tracts,2.481389578,97.51861042,medium                                                                          ,37.27300345,more than 98.0099502487562% of other census tracts,98.00995025,1.990049751,15,less than 88.681592039801% of other census tracts,11.31840796,88.68159204,208
17031770602,3,less than 98.6352357320099% of other census tracts,1.364764268,98.63523573,high                                                                            ,11.31933178,less than 93.1592039800995% of other census tracts,6.84079602,93.15920398,0,less than 98.7562189054726% of other census tracts,1.243781095,98.75621891,430
17031807900,2,less than 99.0074441687345% of other census tracts,0.9925558313,99.00744417,low                                                                             ,33.17470777,more than 95.273631840796% of other census tracts,95.27363184,4.726368159,0,less than 98.7562189054726% of other census tracts,1.243781095,98.75621891,65
17031813801,1,less than 99.5037220843672% of other census tracts,0.4962779156,99.50372208,highest                                                                         ,9.778979166,less than 96.7661691542289% of other census tracts,3.233830846,96.76616915,0,less than 98.7562189054726% of other census tracts,1.243781095,98.75621891,668
17031820800,1,less than 99.5037220843672% of other census tracts,0.4962779156,99.50372208,high                                                                            ,12.46661484,less than 89.3034825870647% of other census tracts,10.69651741,89.30348259,0,less than 98.7562189054726% of other census tracts,1.243781095,98.75621891,359
17031821402,1,less than 99.5037220843672% of other census tracts,0.4962779156,99.50372208,highest                                                                         ,20.83701497,more than 53.9800995024876% of other census tracts,53.9800995,46.0199005,0,less than 98.7562189054726% of other census tracts,1.243781095,98.75621891,570
17031821600,13,less than 92.4317617866005% of other census tracts,7.568238213,92.43176179,high                                                                            ,18.93547568,less than 56.0945273631841% of other census tracts,43.90547264,56.09452736,0,less than 98.7562189054726% of other census tracts,1.243781095,98.75621891,393
17031823304,11,less than 93.7965260545906% of other census tracts,6.203473945,93.79652605,high                                                                            ,27.20665651,more than 84.7014925373134% of other census tracts,84.70149254,15.29850746,0,less than 98.7562189054726% of other census tracts,1.243781095,98.75621891,392
17031829100,6,less than 97.5186104218362% of other census tracts,2.481389578,97.51861042,high                                                                            ,26.14050709,more than 80.3482587064677% of other census tracts,80.34825871,19.65174129,0,less than 98.7562189054726% of other census tracts,1.243781095,98.75621891,328
17031829700,7,less than 97.0223325062035% of other census tracts,2.977667494,97.02233251,high                                                                            ,23.17836147,more than 65.547263681592% of other census tracts,65.54726368,34.45273632,0,less than 98.7562189054726% of other census tracts,1.243781095,98.75621891,271
17031830500,368,more than 99.0074441687345% of other census tracts,99.00744417,0.9925558313,highest                                                                         ,10.3868571,less than 95.3980099502488% of other census tracts,4.60199005,95.39800995,312,more than 94.7761194029851% of other census tracts,94.7761194,5.223880597,543
17031830600,114,more than 76.302729528536% of other census tracts,76.30272953,23.69727047,medium                                                                          ,20.71265419,more than 53.4825870646766% of other census tracts,53.48258706,46.51741294,91,more than 63.8059701492537% of other census tracts,63.80597015,36.19402985,261
17031830700,78,more than 59.5533498759305% of other census tracts,59.55334988,40.44665012,medium                                                                          ,27.58360861,more than 86.1940298507463% of other census tracts,86.19402985,13.80597015,103,more than 68.407960199005% of other census tracts,68.4079602,31.5920398,180
17031830800,30,less than 77.9156327543424% of other census tracts,22.08436725,77.91563275,low                                                                             ,21.24986056,more than 55.8457711442786% of other census tracts,55.84577114,44.15422886,37,less than 69.1542288557214% of other census tracts,30.84577114,69.15422886,75
17031830900,91,more than 66.6253101736973% of other census tracts,66.62531017,33.37468983,medium                                                                          ,10.51622371,less than 95.0248756218906% of other census tracts,4.975124378,95.02487562,105,more than 69.4029850746269% of other census tracts,69.40298507,30.59701493,249
17031831000,40,less than 68.1141439205955% of other census tracts,31.88585608,68.11414392,low                                                                             ,26.03042657,more than 79.8507462686567% of other census tracts,79.85074627,20.14925373,84,more than 58.955223880597% of other census tracts,58.95522388,41.04477612,82
17031831100,206,more than 94.044665012407% of other census tracts,94.04466501,5.955334988,high                                                                            ,15.80257505,less than 75.6218905472637% of other census tracts,24.37810945,75.62189055,423,more than 98.134328358209% of other census tracts,98.13432836,1.865671642,349
17031831200,67,more than 52.1091811414392% of other census tracts,52.10918114,47.89081886,high                                                                            ,17.46630312,less than 66.9154228855721% of other census tracts,33.08457711,66.91542289,144,more than 78.4825870646766% of other census tracts,78.48258706,21.51741294,479
17031831300,39,less than 69.106699751861% of other census tracts,30.89330025,69.10669975,highest                                                                         ,11.81167287,less than 91.6666666666667% of other census tracts,8.333333333,91.66666667,28,less than 76.6169154228856% of other census tracts,23.38308458,76.61691542,569
17031831400,343,more than 98.3870967741936% of other census tracts,98.38709677,1.612903226,highest                                                                         ,9.434012573,less than 97.3880597014925% of other census tracts,2.611940299,97.3880597,223,more than 88.8059701492537% of other census tracts,88.80597015,11.19402985,777
17031831500,52,less than 59.3052109181141% of other census tracts,40.69478908,59.30521092,highest                                                                         ,10.15861483,less than 96.5174129353234% of other census tracts,3.482587065,96.51741294,45,less than 63.5572139303483% of other census tracts,36.44278607,63.55721393,594
17031831600,132,more than 81.6377171215881% of other census tracts,81.63771712,18.36228288,high                                                                            ,18.26131334,less than 61.318407960199% of other census tracts,38.68159204,61.31840796,113,more than 71.7661691542289% of other census tracts,71.76616915,28.23383085,488
17031831700,65,more than 50.9925558312655% of other census tracts,50.99255583,49.00744417,high                                                                            ,14.65701163,less than 81.0945273631841% of other census tracts,18.90547264,81.09452736,81,more than 57.089552238806% of other census tracts,57.08955224,42.91044776,391
17031831800,215,more than 94.4168734491315% of other census tracts,94.41687345,5.583126551,medium                                                                          ,26.0915782,more than 80.0995024875622% of other census tracts,80.09950249,19.90049751,109,more than 70.5223880597015% of other census tracts,70.52238806,29.47761194,206
17031831900,46,less than 64.0198511166253% of other census tracts,35.98014888,64.01985112,low                                                                             ,27.30269569,more than 85.1990049751244% of other census tracts,85.19900498,14.80099502,69,more than 52.1144278606965% of other census tracts,52.11442786,47.88557214,43
17031832000,33,less than 74.317617866005% of other census tracts,25.68238213,74.31761787,low                                                                             ,16.83894042,less than 70.3980099502488% of other census tracts,29.60199005,70.39800995,28,less than 76.6169154228856% of other census tracts,23.38308458,76.61691542,108
17031832100,30,less than 77.9156327543424% of other census tracts,22.08436725,77.91563275,low                                                                             ,21.02057765,more than 54.726368159204% of other census tracts,54.72636816,45.27363184,19,less than 85.3233830845771% of other census tracts,14.67661692,85.32338308,116
17031832200,53,less than 58.560794044665% of other census tracts,41.43920596,58.56079404,medium                                                                          ,21.56661074,more than 57.3383084577114% of other census tracts,57.33830846,42.66169154,127,more than 74.6268656716418% of other census tracts,74.62686567,25.37313433,151
17031832300,66,more than 51.4888337468983% of other census tracts,51.48883375,48.51116625,medium                                                                          ,12.08424234,less than 90.6716417910448% of other census tracts,9.328358209,90.67164179,106,more than 69.6517412935323% of other census tracts,69.65174129,30.34825871,209
17031832400,41,less than 67.4937965260546% of other census tracts,32.50620347,67.49379653,medium                                                                          ,19.18880292,less than 54.8507462686567% of other census tracts,45.14925373,54.85074627,147,more than 79.3532338308458% of other census tracts,79.35323383,20.64676617,189
17031832500,37,less than 71.712158808933% of other census tracts,28.28784119,71.71215881,medium                                                                          ,18.49041935,less than 59.452736318408% of other census tracts,40.54726368,59.45273632,67,more than 51.1194029850746% of other census tracts,51.11940299,48.88059701,258
17031832600,43,less than 65.6327543424318% of other census tracts,34.36724566,65.63275434,medium                                                                          ,22.20168484,more than 60.8208955223881% of other census tracts,60.82089552,39.17910448,132,more than 76.2437810945274% of other census tracts,76.24378109,23.75621891,141
17031832900,14,less than 91.5632754342432% of other census tracts,8.436724566,91.56327543,medium                                                                          ,25.86033486,more than 79.1044776119403% of other census tracts,79.10447761,20.89552239,12,less than 91.2935323383085% of other census tracts,8.706467662,91.29353234,194
17031833000,139,more than 83.9950372208437% of other census tracts,83.99503722,16.00496278,medium                                                                          ,12.17949952,less than 90.2985074626866% of other census tracts,9.701492537,90.29850746,62,less than 51.865671641791% of other census tracts,48.13432836,51.86567164,238
17031833100,154,more than 86.4764267990074% of other census tracts,86.4764268,13.5235732,medium                                                                          ,17.12046466,less than 68.6567164179105% of other census tracts,31.34328358,68.65671642,107,more than 70.0248756218906% of other census tracts,70.02487562,29.97512438,251
17031833300,41,less than 67.4937965260546% of other census tracts,32.50620347,67.49379653,high                                                                            ,24.36587263,more than 71.6417910447761% of other census tracts,71.64179104,28.35820896,18,less than 85.8208955223881% of other census tracts,14.17910448,85.82089552,299
17031833900,97,more than 69.3548387096774% of other census tracts,69.35483871,30.64516129,highest                                                                         ,19.16536858,less than 54.9751243781095% of other census tracts,45.02487562,54.97512438,75,more than 54.228855721393% of other census tracts,54.22885572,45.77114428,556
17031834000,161,more than 87.0967741935484% of other census tracts,87.09677419,12.90322581,highest                                                                         ,23.74703131,more than 68.6567164179105% of other census tracts,68.65671642,31.34328358,130,more than 75.6218905472637% of other census tracts,75.62189055,24.37810945,689
17031834200,192,more than 92.1836228287841% of other census tracts,92.18362283,7.816377171,high                                                                            ,18.84185186,less than 57.2139303482587% of other census tracts,42.78606965,57.21393035,126,more than 74.5024875621891% of other census tracts,74.50248756,25.49751244,483
17031834300,195,more than 92.8039702233251% of other census tracts,92.80397022,7.196029777,highest                                                                         ,25.16119569,more than 75.6218905472637% of other census tracts,75.62189055,24.37810945,101,more than 67.6616915422886% of other census tracts,67.66169154,32.33830846,514
17031834400,51,less than 59.8014888337469% of other census tracts,40.19851117,59.80148883,high                                                                            ,19.80120286,less than 51.7412935323383% of other census tracts,48.25870647,51.74129353,40,less than 66.7910447761194% of other census tracts,33.20895522,66.79104478,468
17031834500,115,more than 76.7990074441687% of other census tracts,76.79900744,23.20099256,highest                                                                         ,18.19406714,less than 61.9402985074627% of other census tracts,38.05970149,61.94029851,46,less than 62.5621890547264% of other census tracts,37.43781095,62.56218905,678
17031834600,241,more than 95.6575682382134% of other census tracts,95.65756824,4.342431762,highest                                                                         ,19.3929265,less than 53.7313432835821% of other census tracts,46.26865672,53.73134328,327,more than 95.6467661691542% of other census tracts,95.64676617,4.353233831,727
17031834700,131,more than 81.0173697270471% of other census tracts,81.01736973,18.98263027,highest                                                                         ,28.77234758,more than 89.3034825870647% of other census tracts,89.30348259,10.69651741,24,less than 80.8457711442786% of other census tracts,19.15422886,80.84577114,604
17031834800,105,more than 73.0769230769231% of other census tracts,73.07692308,26.92307692,highest                                                                         ,22.27540627,more than 61.318407960199% of other census tracts,61.31840796,38.68159204,65,less than 50.1243781094527% of other census tracts,49.87562189,50.12437811,674
17031834900,259,more than 96.2779156327543% of other census tracts,96.27791563,3.722084367,highest                                                                         ,29.45823949,more than 90.1741293532338% of other census tracts,90.17412935,9.825870647,263,more than 91.6666666666667% of other census tracts,91.66666667,8.333333333,694
17031835000,35,less than 73.0769230769231% of other census tracts,26.92307692,73.07692308,highest                                                                         ,11.61517833,less than 92.2885572139304% of other census tracts,7.711442786,92.28855721,133,more than 76.4925373134328% of other census tracts,76.49253731,23.50746269,798
17031835100,98,more than 69.8511166253102% of other census tracts,69.85111663,30.14888337,highest                                                                         ,16.50535848,less than 72.2636815920398% of other census tracts,27.73631841,72.26368159,100,more than 67.1641791044776% of other census tracts,67.1641791,32.8358209,672
17031835200,10,less than 94.5409429280397% of other census tracts,5.459057072,94.54094293,highest                                                                         ,8.355574207,less than 99.0049751243781% of other census tracts,0.9950248756,99.00497512,17,less than 87.0646766169154% of other census tracts,12.93532338,87.06467662,718
17031835500,193,more than 92.4317617866005% of other census tracts,92.43176179,7.568238213,highest                                                                         ,14.14357091,less than 83.5820895522388% of other census tracts,16.41791045,83.58208955,89,more than 62.6865671641791% of other census tracts,62.68656716,37.31343284,759
17031835600,122,more than 79.1563275434243% of other census tracts,79.15632754,20.84367246,highest                                                                         ,10.21024436,less than 96.2686567164179% of other census tracts,3.731343284,96.26865672,15,less than 88.681592039801% of other census tracts,11.31840796,88.68159204,675
17031835700,73,more than 55.8312655086849% of other census tracts,55.83126551,44.16873449,lowest                                                                          ,9.42018709,less than 97.5124378109453% of other census tracts,2.487562189,97.51243781,6,less than 96.1442786069652% of other census tracts,3.855721393,96.14427861,5
17031835800,90,more than 66.2531017369727% of other census tracts,66.25310174,33.74689826,highest                                                                         ,16.70059769,less than 71.3930348258706% of other census tracts,28.60696517,71.39303483,17,less than 87.0646766169154% of other census tracts,12.93532338,87.06467662,539
17031835900,181,more than 90.6947890818859% of other census tracts,90.69478908,9.305210918,high                                                                            ,19.85903047,less than 51.4925373134328% of other census tracts,48.50746269,51.49253731,62,less than 51.865671641791% of other census tracts,48.13432836,51.86567164,337
17031836000,116,more than 77.4193548387097% of other census tracts,77.41935484,22.58064516,highest                                                                         ,16.24619801,less than 73.6318407960199% of other census tracts,26.3681592,73.6318408,37,less than 69.1542288557214% of other census tracts,30.84577114,69.15422886,511
17031836100,282,more than 97.1464019851117% of other census tracts,97.14640199,2.853598015,highest                                                                         ,20.38675446,more than 51.1194029850746% of other census tracts,51.11940299,48.88059701,70,more than 52.8606965174129% of other census tracts,52.86069652,47.13930348,690
17031836200,58,less than 54.3424317617866% of other census tracts,45.65756824,54.34243176,medium                                                                          ,23.99701802,more than 69.7761194029851% of other census tracts,69.7761194,30.2238806,72,more than 53.3582089552239% of other census tracts,53.35820896,46.64179104,252
17031836300,17,less than 89.454094292804% of other census tracts,10.54590571,89.45409429,high                                                                            ,25.78395411,more than 78.3582089552239% of other census tracts,78.35820896,21.64179104,14,less than 89.3034825870647% of other census tracts,10.69651741,89.30348259,272
17031836400,105,more than 73.0769230769231% of other census tracts,73.07692308,26.92307692,high                                                                            ,18.03927649,less than 63.1840796019901% of other census tracts,36.8159204,63.1840796,38,less than 68.5323383084577% of other census tracts,31.46766169,68.53233831,486
17031836500,100,more than 70.8436724565757% of other census tracts,70.84367246,29.15632754,high                                                                            ,20.03122246,less than 50.497512437811% of other census tracts,49.50248756,50.49751244,19,less than 85.3233830845771% of other census tracts,14.67661692,85.32338308,462
17031836600,84,more than 62.1588089330025% of other census tracts,62.15880893,37.84119107,highest                                                                         ,12.91331407,less than 86.9402985074627% of other census tracts,13.05970149,86.94029851,95,more than 66.044776119403% of other census tracts,66.04477612,33.95522388,495
17031836700,205,more than 93.9205955334988% of other census tracts,93.92059553,6.079404467,highest                                                                         ,12.90382313,less than 87.0646766169154% of other census tracts,12.93532338,87.06467662,34,less than 72.2636815920398% of other census tracts,27.73631841,72.26368159,744
17031836800,89,more than 65.136476426799% of other census tracts,65.13647643,34.86352357,highest                                                                         ,24.92501105,more than 74.7512437810945% of other census tracts,74.75124378,25.24875622,66,more than 50.3731343283582% of other census tracts,50.37313433,49.62686567,657
17031836900,17,less than 89.454094292804% of other census tracts,10.54590571,89.45409429,highest                                                                         ,13.89854845,less than 84.3283582089552% of other census tracts,15.67164179,84.32835821,28,less than 76.6169154228856% of other census tracts,23.38308458,76.61691542,753
17031837000,110,more than 75.8064516129032% of other census tracts,75.80645161,24.19354839,highest                                                                         ,20.38810117,more than 51.2437810945274% of other census tracts,51.24378109,48.75621891,183,more than 84.5771144278607% of other census tracts,84.57711443,15.42288557,707
17031837100,112,more than 75.9305210918114% of other census tracts,75.93052109,24.06947891,highest                                                                         ,12.35519933,less than 89.6766169154229% of other census tracts,10.32338308,89.67661692,113,more than 71.7661691542289% of other census tracts,71.76616915,28.23383085,698
17031837300,271,more than 96.7741935483871% of other census tracts,96.77419355,3.225806452,highest                                                                         ,17.96165118,less than 63.5572139303483% of other census tracts,36.44278607,63.55721393,187,more than 85.0746268656717% of other census tracts,85.07462687,14.92537313,643
17031837400,193,more than 92.4317617866005% of other census tracts,92.43176179,7.568238213,highest                                                                         ,12.69339869,less than 87.9353233830846% of other census tracts,12.06467662,87.93532338,211,more than 87.6865671641791% of other census tracts,87.68656716,12.31343284,746
17031837800,105,more than 73.0769230769231% of other census tracts,73.07692308,26.92307692,highest                                                                         ,13.1216992,less than 86.0696517412935% of other census tracts,13.93034826,86.06965174,28,less than 76.6169154228856% of other census tracts,23.38308458,76.61691542,531
17031838000,115,more than 76.7990074441687% of other census tracts,76.79900744,23.20099256,highest                                                                         ,20.397784,more than 51.4925373134328% of other census tracts,51.49253731,48.50746269,45,less than 63.5572139303483% of other census tracts,36.44278607,63.55721393,501
17031838100,54,less than 56.8238213399504% of other census tracts,43.17617866,56.82382134,highest                                                                         ,12.20865363,less than 90.1741293532338% of other census tracts,9.825870647,90.17412935,11,less than 92.2885572139304% of other census tracts,7.711442786,92.28855721,536
17031838200,89,more than 65.136476426799% of other census tracts,65.13647643,34.86352357,high                                                                            ,18.10510112,less than 62.6865671641791% of other census tracts,37.31343284,62.68656716,49,less than 60.5721393034826% of other census tracts,39.4278607,60.5721393,314
17031838300,52,less than 59.3052109181141% of other census tracts,40.69478908,59.30521092,high                                                                            ,15.56501388,less than 76.865671641791% of other census tracts,23.13432836,76.86567164,8,less than 94.7761194029851% of other census tracts,5.223880597,94.7761194,323
17031838600,147,more than 85.4838709677419% of other census tracts,85.48387097,14.51612903,highest                                                                         ,24.15305331,more than 70.8955223880597% of other census tracts,70.89552239,29.10447761,70,more than 52.8606965174129% of other census tracts,52.86069652,47.13930348,749
17031838700,390,more than 99.3796526054591% of other census tracts,99.37965261,0.6203473945,highest                                                                         ,18.88336848,less than 56.592039800995% of other census tracts,43.4079602,56.5920398,412,more than 97.5124378109453% of other census tracts,97.51243781,2.487562189,758
17031838800,131,more than 81.0173697270471% of other census tracts,81.01736973,18.98263027,highest                                                                         ,9.739157883,less than 96.8905472636816% of other census tracts,3.109452736,96.89054726,88,more than 61.9402985074627% of other census tracts,61.94029851,38.05970149,519
17031839000,38,less than 70.3473945409429% of other census tracts,29.65260546,70.34739454,medium                                                                          ,16.42540062,less than 72.7611940298507% of other census tracts,27.23880597,72.76119403,39,less than 67.6616915422886% of other census tracts,32.33830846,67.66169154,248
17031839100,61,less than 52.2332506203474% of other census tracts,47.76674938,52.23325062,medium                                                                          ,9.316552498,less than 97.636815920398% of other census tracts,2.36318408,97.63681592,22,less than 82.2139303482587% of other census tracts,17.78606965,82.21393035,195
17031839200,105,more than 73.0769230769231% of other census tracts,73.07692308,26.92307692,high                                                                            ,22.18240199,more than 60.6965174129353% of other census tracts,60.69651741,39.30348259,14,less than 89.3034825870647% of other census tracts,10.69651741,89.30348259,423
17031839500,76,more than 58.1885856079405% of other census tracts,58.18858561,41.81141439,high                                                                            ,23.22546286,more than 65.7960199004975% of other census tracts,65.7960199,34.2039801,60,less than 53.7313432835821% of other census tracts,46.26865672,53.73134328,394
17031839600,53,less than 58.560794044665% of other census tracts,41.43920596,58.56079404,high                                                                            ,18.5138534,less than 59.3283582089552% of other census tracts,40.67164179,59.32835821,62,less than 51.865671641791% of other census tracts,48.13432836,51.86567164,472
17031839700,213,more than 94.2928039702233% of other census tracts,94.29280397,5.70719603,high                                                                            ,18.19407827,less than 61.81592039801% of other census tracts,38.1840796,61.8159204,392,more than 97.1393034825871% of other census tracts,97.13930348,2.860696517,372
17031839800,58,less than 54.3424317617866% of other census tracts,45.65756824,54.34243176,high                                                                            ,16.15140194,less than 74.2537313432836% of other census tracts,25.74626866,74.25373134,164,more than 82.3383084577114% of other census tracts,82.33830846,17.66169154,352
17031839900,88,more than 64.7642679900745% of other census tracts,64.76426799,35.23573201,high                                                                            ,11.87184689,less than 91.5422885572139% of other census tracts,8.457711443,91.54228856,165,more than 82.4626865671642% of other census tracts,82.46268657,17.53731343,387
17031840000,72,more than 54.9627791563275% of other census tracts,54.96277916,45.03722084,high                                                                            ,10.52615328,less than 94.9004975124378% of other census tracts,5.099502488,94.90049751,136,more than 77.1144278606965% of other census tracts,77.11442786,22.88557214,390
17031840100,75,more than 57.5682382133995% of other census tracts,57.56823821,42.43176179,high                                                                            ,14.71727923,less than 80.5970149253731% of other census tracts,19.40298507,80.59701493,140,more than 77.4875621890547% of other census tracts,77.48756219,22.51243781,358
17031840200,122,more than 79.1563275434243% of other census tracts,79.15632754,20.84367246,high                                                                            ,9.644215058,less than 97.0149253731343% of other census tracts,2.985074627,97.01492537,420,more than 97.8855721393035% of other census tracts,97.88557214,2.114427861,397
17031840300,347,more than 98.6352357320099% of other census tracts,98.63523573,1.364764268,high                                                                            ,16.08768641,less than 74.3781094527363% of other census tracts,25.62189055,74.37810945,474,more than 98.8805970149254% of other census tracts,98.88059701,1.119402985,442
17031840400,179,more than 90.5707196029777% of other census tracts,90.5707196,9.429280397,high                                                                            ,12.67853526,less than 88.0597014925373% of other census tracts,11.94029851,88.05970149,423,more than 98.134328358209% of other census tracts,98.13432836,1.865671642,446
17031840700,102,more than 71.3399503722084% of other census tracts,71.33995037,28.66004963,high                                                                            ,18.41540525,less than 60.0746268656716% of other census tracts,39.92537313,60.07462687,91,more than 63.8059701492537% of other census tracts,63.80597015,36.19402985,431
17031840800,62,less than 51.4888337468983% of other census tracts,48.51116625,51.48883375,highest                                                                         ,18.813119,less than 57.9601990049751% of other census tracts,42.039801,57.960199,128,more than 74.8756218905473% of other census tracts,74.87562189,25.12437811,602
17031841000,67,more than 52.1091811414392% of other census tracts,52.10918114,47.89081886,high                                                                            ,10.35442931,less than 95.5223880597015% of other census tracts,4.47761194,95.52238806,26,less than 78.4825870646766% of other census tracts,21.51741294,78.48258706,377
17031841100,74,more than 57.1960297766749% of other census tracts,57.19602978,42.80397022,high                                                                            ,12.90150305,less than 87.1890547263682% of other census tracts,12.81094527,87.18905473,170,more than 83.2089552238806% of other census tracts,83.20895522,16.79104478,369
17031841200,97,more than 69.3548387096774% of other census tracts,69.35483871,30.64516129,high                                                                            ,12.53647407,less than 89.0547263681592% of other census tracts,10.94527363,89.05472637,84,more than 58.955223880597% of other census tracts,58.95522388,41.04477612,474
17031841300,105,more than 73.0769230769231% of other census tracts,73.07692308,26.92307692,high                                                                            ,11.80381543,less than 91.7910447761194% of other census tracts,8.208955224,91.79104478,68,more than 51.3681592039801% of other census tracts,51.3681592,48.6318408,435
17031841400,57,less than 55.4590570719603% of other census tracts,44.54094293,55.45905707,high                                                                            ,18.84172533,less than 57.3383084577114% of other census tracts,42.66169154,57.33830846,54,less than 56.9651741293532% of other census tracts,43.03482587,56.96517413,341
17031841500,170,more than 89.0818858560794% of other census tracts,89.08188586,10.91811414,highest                                                                         ,22.31244699,more than 61.6915422885572% of other census tracts,61.69154229,38.30845771,96,more than 66.5422885572139% of other census tracts,66.54228856,33.45771144,667
17031841600,73,more than 55.8312655086849% of other census tracts,55.83126551,44.16873449,high                                                                            ,27.78808092,more than 86.6915422885572% of other census tracts,86.69154229,13.30845771,41,less than 66.044776119403% of other census tracts,33.95522388,66.04477612,303
17031841700,54,less than 56.8238213399504% of other census tracts,43.17617866,56.82382134,highest                                                                         ,22.02165964,more than 59.8258706467662% of other census tracts,59.82587065,40.17412935,36,less than 70.8955223880597% of other census tracts,29.10447761,70.89552239,627
17031841800,177,more than 89.9503722084367% of other census tracts,89.95037221,10.04962779,highest                                                                         ,27.85259497,more than 87.1890547263682% of other census tracts,87.18905473,12.81094527,117,more than 73.0099502487562% of other census tracts,73.00995025,26.99004975,505
17031841900,110,more than 75.8064516129032% of other census tracts,75.80645161,24.19354839,high                                                                            ,10.29679123,less than 95.8955223880597% of other census tracts,4.104477612,95.89552239,40,less than 66.7910447761194% of other census tracts,33.20895522,66.79104478,383
17031842000,19,less than 87.9652605459057% of other census tracts,12.03473945,87.96526055,high                                                                            ,25.8847526,more than 79.228855721393% of other census tracts,79.22885572,20.77114428,35,less than 71.7661691542289% of other census tracts,28.23383085,71.76616915,282
17031842100,235,more than 95.409429280397% of other census tracts,95.40942928,4.59057072,highest                                                                         ,14.70545641,less than 80.8457711442786% of other census tracts,19.15422886,80.84577114,79,more than 56.2189054726368% of other census tracts,56.21890547,43.78109453,737
17031842200,106,more than 73.8213399503722% of other census tracts,73.82133995,26.17866005,high                                                                            ,12.37141724,less than 89.5522388059702% of other census tracts,10.44776119,89.55223881,8,less than 94.7761194029851% of other census tracts,5.223880597,94.7761194,327
17031842300,49,less than 61.9106699751861% of other census tracts,38.08933002,61.91066998,medium                                                                          ,10.61126566,less than 94.5273631840796% of other census tracts,5.472636816,94.52736318,67,more than 51.1194029850746% of other census tracts,51.11940299,48.88059701,263
17031842400,187,more than 91.6873449131514% of other census tracts,91.68734491,8.312655087,highest                                                                         ,13.87826113,less than 84.452736318408% of other census tracts,15.54726368,84.45273632,151,more than 80.2238805970149% of other census tracts,80.2238806,19.7761194,752
17031842500,139,more than 83.9950372208437% of other census tracts,83.99503722,16.00496278,highest                                                                         ,7.57598845,less than 99.3781094527363% of other census tracts,0.6218905473,99.37810945,93,more than 64.9253731343284% of other census tracts,64.92537313,35.07462687,803
17031842600,135,more than 83.0024813895782% of other census tracts,83.00248139,16.99751861,high                                                                            ,8.696678418,less than 98.5074626865672% of other census tracts,1.492537313,98.50746269,55,less than 56.3432835820896% of other census tracts,43.65671642,56.34328358,463
17031842800,157,more than 86.7245657568238% of other census tracts,86.72456576,13.27543424,highest                                                                         ,10.19830366,less than 96.3930348258706% of other census tracts,3.606965174,96.39303483,214,more than 87.9353233830846% of other census tracts,87.93532338,12.06467662,691
17031842900,238,more than 95.5334987593052% of other census tracts,95.53349876,4.466501241,highest                                                                         ,10.57329123,less than 94.6517412935323% of other census tracts,5.348258706,94.65174129,55,less than 56.3432835820896% of other census tracts,43.65671642,56.34328358,784
17031843000,393,more than 99.5037220843672% of other census tracts,99.50372208,0.4962779156,highest                                                                         ,11.71501723,less than 92.0398009950249% of other census tracts,7.960199005,92.039801,118,more than 73.3830845771144% of other census tracts,73.38308458,26.61691542,801
17031843100,136,more than 83.2506203473946% of other census tracts,83.25062035,16.74937965,high                                                                            ,27.37668751,more than 85.5721393034826% of other census tracts,85.5721393,14.4278607,89,more than 62.6865671641791% of other census tracts,62.68656716,37.31343284,478
17031843200,133,more than 82.258064516129% of other census tracts,82.25806452,17.74193548,high                                                                            ,6.102592603,less than 99.6268656716418% of other census tracts,0.3731343284,99.62686567,107,more than 70.0248756218906% of other census tracts,70.02487562,29.97512438,417
17031843300,90,more than 66.2531017369727% of other census tracts,66.25310174,33.74689826,highest                                                                         ,15.59018653,less than 76.4925373134328% of other census tracts,23.50746269,76.49253731,60,less than 53.7313432835821% of other census tracts,46.26865672,53.73134328,703
17031843400,110,more than 75.8064516129032% of other census tracts,75.80645161,24.19354839,highest                                                                         ,11.27357626,less than 93.407960199005% of other census tracts,6.592039801,93.4079602,104,more than 68.9054726368159% of other census tracts,68.90547264,31.09452736,791
17031843500,86,more than 63.3995037220844% of other census tracts,63.39950372,36.60049628,highest                                                                         ,12.5808007,less than 88.681592039801% of other census tracts,11.31840796,88.68159204,61,less than 52.7363184079602% of other census tracts,47.26368159,52.73631841,583
17031843600,68,more than 53.1017369727047% of other census tracts,53.10173697,46.89826303,highest                                                                         ,17.93970417,less than 63.8059701492537% of other census tracts,36.19402985,63.80597015,41,less than 66.044776119403% of other census tracts,33.95522388,66.04477612,500
17031843700,169,more than 88.9578163771712% of other census tracts,88.95781638,11.04218362,high                                                                            ,15.04108123,less than 79.3532338308458% of other census tracts,20.64676617,79.35323383,161,more than 81.592039800995% of other census tracts,81.5920398,18.4079602,275
17031843800,178,more than 90.3225806451613% of other census tracts,90.32258065,9.677419355,highest                                                                         ,12.59196202,less than 88.4328358208955% of other census tracts,11.56716418,88.43283582,11,less than 92.2885572139304% of other census tracts,7.711442786,92.28855721,532
17031843900,172,more than 89.5781637717122% of other census tracts,89.57816377,10.42183623,high                                                                            ,26.59883589,more than 82.2139303482587% of other census tracts,82.21393035,17.78606965,93,more than 64.9253731343284% of other census tracts,64.92537313,35.07462687,363
17097862902,1,less than 99.5037220843672% of other census tracts,0.4962779156,99.50372208,low                                                                             ,26.94583549,more than 83.955223880597% of other census tracts,83.95522388,16.04477612,0,less than 98.7562189054726% of other census tracts,1.243781095,98.75621891,64
17097863201,8,,,,,,,,,,,,,
Grand Total,67422,,,,,,,,,,,,,